summonerName,item0,item1,item2,item3,item4,item5,item6,perk0,perk0Var1,perk0Var2,perk0Var3,perk1,perk1Var1,perk1Var2,perk1Var3,perk2,perk2Var1,perk2Var2,perk2Var3,perk3,perk3Var1,perk3Var2,perk3Var3,perk4,perk4Var1,perk4Var2,perk4Var3,perk5,perk5Var1,perk5Var2,perk5Var3,perkPrimaryStyle,perkSubStyle,statPerk1,statPerk2,championId,spell1Id,spell2Id,role,lane
Bwipo,NaN,NaN,Black Cleaver,Plated Steelcaps,NaN,Edge of Night,Oracle Lens,Conqueror,NaN,,,Triumph,NaN,NaN,,LegendAlacrity,NaN,NaN,,CoupDeGrace,NaN,,,MagicalFootwear,NaN,NaN,NaN,CosmicInsight,,,,NaN,NaN,NaN,NaN,Kha'Zix,Flash,Smite,NONE,JUNGLE
Bwipo,NaN,Ravenous Hydra,Sterak's Gage,Plated Steelcaps,Guardian Angel,Trinity Force,Stealth Ward,Conqueror,NaN,,,Triumph,NaN,NaN,,LegendBloodline,NaN,NaN,,LastStand,NaN,,,ShieldBash,NaN,,,BonePlating,NaN,,,NaN,NaN,NaN,NaN,Camille,Flash,Teleport,SOLO,TOP
Broxah,Night Harvester,Refillable Potion,Amplifying Tome,NaN,Sorcerer's Shoes,Control Ward,Oracle Lens,DarkHarvest,NaN,NaN,,SuddenImpact,NaN,,,EyeballCollection,NaN,,,RavenousHunter,NaN,NaN,,Transcendence,,,,Waterwalking,NaN,NaN,,NaN,NaN,NaN,NaN,Nidalee,Flash,Smite,DUO_SUPPORT,NONE
Broxah,Trinity Force,Mercury's Treads,Vampiric Scepter,Recurve Bow,Pickaxe,Control Ward,Stealth Ward,Conqueror,,,,Triumph,NaN,NaN,,LegendAlacrity,NaN,NaN,,CoupDeGrace,NaN,,,SuddenImpact,NaN,,,RavenousHunter,NaN,NaN,,NaN,NaN,NaN,NaN,Jax,Flash,Smite,NONE,JUNGLE
Nemesis,Rylai's Crystal Scepter,Sorcerer's Shoes,NaN,Rabadon's Deathcap,Morellonomicon,NaN,Stealth Ward,DarkHarvest,NaN,NaN,NaN,TasteOfBlood,NaN,,,GhostPoro,NaN,NaN,NaN,RelentlessHunter,NaN,NaN,,Triumph,NaN,NaN,,CoupDeGrace,NaN,,,NaN,NaN,NaN,NaN,Malzahar,Ignite,Flash,DUO_SUPPORT,NONE
Nemesis,NaN,Sanguine Blade,Phage,Plated Steelcaps,NaN,NaN,Poro-Snax,Electrocute,NaN,,,SuddenImpact,NaN,,,EyeballCollection,NaN,,,UltimateHunter,NaN,,,Triumph,NaN,NaN,,CoupDeGrace,NaN,,,NaN,NaN,NaN,NaN,Nocturne,Mark,Flash,DUO_SUPPORT,NONE
Hylissang,Blade of The Ruined King,Black Cleaver,Thornmail,Null-Magic Mantle,Ruby Crystal,Plated Steelcaps,Stealth Ward,Conqueror,NaN,,,Triumph,NaN,NaN,,LegendAlacrity,NaN,NaN,,LastStand,NaN,,,Demolish,NaN,,,BonePlating,NaN,,,NaN,NaN,NaN,NaN,Renekton,Flash,Teleport,SOLO,TOP
Hylissang,Zhonya's Hourglass,Rabadon's Deathcap,Rylai's Crystal Scepter,Void Staff,NaN,Warden's Mail,Stealth Ward,PhaseRush,NaN,,,NimbusCloak,NaN,,,Celerity,NaN,,,Scorch,NaN,,,TasteOfBlood,NaN,,,RavenousHunter,NaN,NaN,,NaN,NaN,NaN,NaN,Cassiopeia,Flash,Ghost,DUO_SUPPORT,NONE
Werlyb,Mobility Boots,Shard of True Ice,Aegis of the Legion,Total Biscuit of Everlasting Will,Cloth Armor,Zhonya's Hourglass,Stealth Ward,ArcaneComet,NaN,,,NimbusCloak,NaN,,,Transcendence,,,,Scorch,NaN,,,PerfectTiming,,,,BiscuitDelivery,NaN,,,NaN,NaN,NaN,NaN,Morgana,Flash,Ignite,DUO_SUPPORT,BOTTOM
Werlyb,Shard of True Ice,Sorcerer's Shoes,NaN,NaN,NaN,NaN,Oracle Lens,DarkHarvest,NaN,NaN,,CheapShot,NaN,,,EyeballCollection,NaN,,,UltimateHunter,NaN,,,Transcendence,,,,Scorch,NaN,,,NaN,NaN,NaN,NaN,Brand,Flash,Ignite,DUO_SUPPORT,BOTTOM
Selfmade,Runesteel Spaulders,Mobility Boots,NaN,NaN,NaN,NaN,Oracle Lens,Aftershock,NaN,,,Demolish,,,,BonePlating,NaN,,,Unflinching,NaN,,,PresenceOfMind,NaN,NaN,,LegendTenacity,,,,NaN,NaN,NaN,NaN,Pyke,Flash,Ignite,DUO_SUPPORT,BOTTOM
Selfmade,Hextech Alternator,Boots,Rylai's Crystal Scepter,NaN,NaN,NaN,Stealth Ward,Electrocute,NaN,,,TasteOfBlood,NaN,,,EyeballCollection,NaN,,,RavenousHunter,NaN,NaN,,Triumph,NaN,NaN,,CoupDeGrace,NaN,,,NaN,NaN,NaN,NaN,Rumble,Flash,Teleport,DUO_SUPPORT,NONE
Pirean,NaN,Negatron Cloak,Dead Man's Plate,Warmog's Armor,Mercury's Treads,Chain Vest,Oracle Lens,PhaseRush,NaN,,,NimbusCloak,NaN,,,Celerity,NaN,,,Waterwalking,NaN,,,CheapShot,NaN,,,RelentlessHunter,NaN,NaN,,NaN,NaN,NaN,NaN,Nunu & Willump,Flash,Smite,NONE,JUNGLE
Pirean,NaN,Refillable Potion,Giant's Belt,Mercury's Treads,Cloth Armor,Control Ward,Oracle Lens,PhaseRush,NaN,,,NimbusCloak,NaN,,,Celerity,NaN,,,Waterwalking,NaN,NaN,,CheapShot,NaN,,,RelentlessHunter,NaN,NaN,,NaN,NaN,NaN,NaN,Nunu & Willump,Flash,Smite,NONE,JUNGLE
Crownshot,Doran's Blade,Infinity Edge,Berserker's Greaves,Rapid Firecannon,Cloak of Agility,Dagger,Farsight Alteration,LethalTempo,NaN,NaN,,PresenceOfMind,NaN,NaN,,LegendBloodline,,,,CoupDeGrace,NaN,,,NimbusCloak,NaN,,,GatheringStorm,NaN,,,NaN,NaN,NaN,NaN,Caitlyn,Flash,Heal,DUO_CARRY,BOTTOM
Crownshot,NaN,Refillable Potion,Mercury's Treads,NaN,Long Sword,NaN,Oracle Lens,Electrocute,NaN,,,SuddenImpact,NaN,,,EyeballCollection,NaN,,,RavenousHunter,NaN,NaN,,MagicalFootwear,NaN,NaN,,CosmicInsight,,,,NaN,NaN,NaN,NaN,Kha'Zix,Flash,Smite,NONE,JUNGLE
Dreams,Doran's Blade,Berserker's Greaves,Stormrazor,Infinity Edge,Dagger,Dagger,Stealth Ward,FleetFootwork,NaN,,,Overheal,NaN,NaN,,LegendBloodline,NaN,NaN,,CoupDeGrace,NaN,,,NimbusCloak,NaN,,,GatheringStorm,NaN,,,NaN,NaN,NaN,NaN,Caitlyn,Heal,Flash,DUO_CARRY,BOTTOM
Dreams,Berserker's Greaves,Cloth Armor,Phantom Dancer,Infinity Edge,Stopwatch,Mercurial Scimitar,Farsight Alteration,Conqueror,NaN,,,Triumph,NaN,NaN,,LegendBloodline,NaN,NaN,,CoupDeGrace,NaN,,,TasteOfBlood,NaN,,,RavenousHunter,NaN,NaN,,NaN,NaN,NaN,NaN,Yasuo,Ignite,Flash,SOLO,MIDDLE
Vizicsacsi,Relic Shield,NaN,Health Potion,NaN,NaN,NaN,Stealth Ward,Aftershock,,,,Demolish,,,,SecondWind,NaN,,,Overgrowth,NaN,,,PresenceOfMind,,,,LegendTenacity,,,,NaN,NaN,NaN,NaN,Maokai,Exhaust,Flash,DUO,NONE
Vizicsacsi,Spellthief's Edge,NaN,NaN,Ardent Censer,NaN,NaN,Stealth Ward,SummonAery,NaN,NaN,,ManaflowBand,NaN,NaN,,Transcendence,,,,GatheringStorm,NaN,,,PresenceOfMind,NaN,NaN,,CutDown,NaN,,,NaN,NaN,NaN,NaN,Yuumi,Ignite,Exhaust,DUO_SUPPORT,BOTTOM
Xerxe,Muramana,Ionian Boots of Lucidity,Trinity Force,Long Sword,NaN,NaN,Stealth Ward,Conqueror,NaN,,,PresenceOfMind,NaN,NaN,,LegendAlacrity,,,,CoupDeGrace,NaN,,,ManaflowBand,NaN,NaN,,Transcendence,NaN,,,NaN,NaN,NaN,NaN,Ezreal,Heal,Flash,DUO_SUPPORT,NONE
Kobbe,Galeforce,Berserker's Greaves,The Collector,Infinity Edge,NaN,NaN,Poro-Snax,PhaseRush,NaN,,,NimbusCloak,NaN,,,AbsoluteFocus,NaN,NaN,,Scorch,NaN,,,Triumph,NaN,NaN,,LegendAlacrity,NaN,,,NaN,NaN,NaN,NaN,Graves,Mark,Flash,DUO,NONE
Kobbe,Doran's Blade,Berserker's Greaves,Immortal Shieldbow,Runaan's Hurricane,NaN,NaN,Farsight Alteration,LethalTempo,NaN,NaN,,PresenceOfMind,NaN,,,LegendBloodline,NaN,NaN,,CoupDeGrace,NaN,,,BiscuitDelivery,NaN,,,ApproachVelocity,NaN,,,NaN,NaN,NaN,NaN,Ashe,Cleanse,Flash,DUO_CARRY,BOTTOM
Norskeren,Bulwark of the Mountain,Zeke's Convergence,Mercury's Treads,NaN,Ruby Crystal,NaN,Oracle Lens,Aftershock,NaN,,,FontOfLife,NaN,,,BonePlating,NaN,,,Overgrowth,NaN,,,BiscuitDelivery,NaN,,,CosmicInsight,,,,NaN,NaN,NaN,NaN,Leona,Flash,Ignite,DUO_SUPPORT,BOTTOM
Norskeren,Bulwark of the Mountain,Refillable Potion,Ardent Censer,NaN,Boots,Amplifying Tome,Stealth Ward,SummonAery,NaN,NaN,,ManaflowBand,NaN,NaN,,Transcendence,,,,Scorch,NaN,,,CosmicInsight,,,,BiscuitDelivery,NaN,,,NaN,NaN,NaN,NaN,Nami,Flash,Exhaust,DUO,BOTTOM
Exile,Infinity Edge,Berserker's Greaves,The Collector,Bloodthirster,Immortal Shieldbow,Mortal Reminder,Farsight Alteration,Conqueror,NaN,,,Triumph,NaN,NaN,,LegendBloodline,NaN,NaN,,CoupDeGrace,NaN,,,TasteOfBlood,NaN,,,RavenousHunter,NaN,NaN,,NaN,NaN,NaN,NaN,Samira,Flash,Heal,DUO_CARRY,BOTTOM
Exile,Mercurial Scimitar,Immortal Shieldbow,Berserker's Greaves,Infinity Edge,The Collector,Zeal,Farsight Alteration,Conqueror,NaN,,,Triumph,NaN,NaN,,LegendBloodline,NaN,NaN,,CoupDeGrace,NaN,,,TasteOfBlood,NaN,,,RavenousHunter,NaN,NaN,,NaN,NaN,NaN,NaN,Samira,Flash,Heal,DUO_CARRY,BOTTOM
Jeskla,NaN,Refillable Potion,Mobility Boots,NaN,NaN,NaN,Stealth Ward,Conqueror,,,,Triumph,NaN,NaN,,LegendAlacrity,NaN,NaN,,CoupDeGrace,NaN,,,NimbusCloak,NaN,,,Waterwalking,NaN,,,NaN,NaN,NaN,NaN,Lee Sin,Flash,Smite,DUO_SUPPORT,TOP
Jeskla,Youmuu's Ghostblade,NaN,Berserker's Greaves,NaN,Long Sword,NaN,Poro-Snax,DarkHarvest,NaN,NaN,,TasteOfBlood,NaN,,,EyeballCollection,NaN,,,RavenousHunter,NaN,NaN,,PresenceOfMind,NaN,NaN,,CoupDeGrace,NaN,,,NaN,NaN,NaN,NaN,Varus,Flash,Heal,DUO,NONE
Cabochard,Duskblade of Draktharr,Mercury's Treads,NaN,Refillable Potion,Control Ward,NaN,Stealth Ward,Electrocute,NaN,,,TasteOfBlood,NaN,,,EyeballCollection,NaN,,,UltimateHunter,NaN,,,Transcendence,,,,Scorch,NaN,,,NaN,NaN,NaN,NaN,Zed,Ignite,Flash,DUO,NONE
Cabochard,Moonstone Renewer,Ardent Censer,Redemption,Dark Seal,Staff of Flowing Water,Mobility Boots,Stealth Ward,SummonAery,NaN,NaN,,NimbusCloak,NaN,,,Transcendence,NaN,,,Waterwalking,NaN,NaN,,CosmicInsight,,,,FuturesMarket,NaN,,,NaN,NaN,NaN,NaN,Ivern,Smite,Flash,NONE,JUNGLE
Mowgli,Sorcerer's Shoes,Zhonya's Hourglass,Night Harvester,Lich Bane,Rabadon's Deathcap,Morellonomicon,Stealth Ward,Electrocute,NaN,,,SuddenImpact,NaN,,,EyeballCollection,NaN,,,UltimateHunter,NaN,,,AbsoluteFocus,NaN,NaN,,GatheringStorm,NaN,,,NaN,NaN,NaN,NaN,Evelynn,Smite,Flash,NONE,JUNGLE
Mowgli,Edge of Night,Mercury's Treads,NaN,Mortal Reminder,Black Cleaver,NaN,Poro-Snax,Electrocute,NaN,,,TasteOfBlood,NaN,,,EyeballCollection,NaN,,,UltimateHunter,NaN,,,LegendTenacity,NaN,NaN,,CoupDeGrace,NaN,,,NaN,NaN,NaN,NaN,Zed,Ignite,Flash,DUO_SUPPORT,MIDDLE
Jiizuke,Trinity Force,Corrupting Potion,Mercury's Treads,Sterak's Gage,Spirit Visage,Serrated Dirk,Farsight Alteration,ArcaneComet,NaN,,,ManaflowBand,NaN,NaN,,Transcendence,,,,GatheringStorm,NaN,,,EyeballCollection,NaN,,,RelentlessHunter,NaN,NaN,,NaN,NaN,NaN,NaN,Gangplank,Flash,Teleport,SOLO,TOP
Jiizuke,NaN,Essence Reaver,Youmuu's Ghostblade,Edge of Night,NaN,Pickaxe,Stealth Ward,Electrocute,NaN,,,TasteOfBlood,NaN,,,EyeballCollection,NaN,,,RavenousHunter,NaN,NaN,,Triumph,NaN,NaN,,CoupDeGrace,NaN,,,NaN,NaN,NaN,NaN,Riven,Flash,Ignite,DUO_SUPPORT,NONE
Attila,Mercury's Treads,Abyssal Mask,Bramble Vest,NaN,Cloth Armor,NaN,Stealth Ward,GraspOfTheUndying,NaN,NaN,,FontOfLife,NaN,,,Conditioning,NaN,NaN,NaN,Overgrowth,NaN,,,ManaflowBand,NaN,NaN,,GatheringStorm,NaN,,,NaN,NaN,NaN,NaN,Cho'Gath,Flash,Teleport,SOLO,MIDDLE
Attila,Mercury's Treads,Frozen Heart,Thornmail,NaN,Dead Man's Plate,Chain Vest,Stealth Ward,GraspOfTheUndying,NaN,NaN,,FontOfLife,NaN,,,Conditioning,NaN,NaN,NaN,Overgrowth,NaN,,,ManaflowBand,NaN,NaN,,GatheringStorm,NaN,,,NaN,NaN,NaN,NaN,Cho'Gath,Flash,Teleport,DUO,MIDDLE
Jactroll,NaN,NaN,Null-Magic Mantle,Sapphire Crystal,Doran's Shield,Boots,Stealth Ward,GraspOfTheUndying,NaN,NaN,,Demolish,NaN,,,BonePlating,NaN,,,Overgrowth,NaN,,,BiscuitDelivery,NaN,,,CosmicInsight,,,,NaN,NaN,NaN,NaN,Ornn,Flash,Teleport,SOLO,TOP
Jactroll,Seraph's Embrace,Refillable Potion,Lost Chapter,NaN,NaN,Boots,Stealth Ward,PhaseRush,NaN,,,ManaflowBand,NaN,NaN,,Transcendence,,,,GatheringStorm,NaN,,,TasteOfBlood,NaN,,,RavenousHunter,NaN,NaN,,NaN,NaN,NaN,NaN,Ryze,Flash,Teleport,DUO_CARRY,MIDDLE
Odoamne,Goredrinker,Refillable Potion,Doran's Blade,Plated Steelcaps,Sterak's Gage,Vampiric Scepter,Stealth Ward,Conqueror,NaN,,,Triumph,NaN,NaN,,LegendTenacity,NaN,NaN,,LastStand,NaN,,,SecondWind,NaN,,,Overgrowth,NaN,,,NaN,NaN,NaN,NaN,Aatrox,Flash,Ghost,NONE,JUNGLE
Odoamne,Zhonya's Hourglass,Liandry's Anguish,Doran's Ring,Blasting Wand,NaN,Mercury's Treads,Stealth Ward,FleetFootwork,NaN,,,PresenceOfMind,NaN,,,LegendTenacity,NaN,NaN,,LastStand,NaN,,,BiscuitDelivery,NaN,,,MagicalFootwear,NaN,NaN,,NaN,NaN,NaN,NaN,Sylas,Teleport,Flash,SOLO,TOP
Memento,NaN,Needlessly Large Rod,Sorcerer's Shoes,NaN,NaN,NaN,Stealth Ward,Electrocute,NaN,,,TasteOfBlood,NaN,,,EyeballCollection,NaN,,,RavenousHunter,NaN,NaN,,Triumph,NaN,NaN,,CoupDeGrace,NaN,,,NaN,NaN,NaN,NaN,Veigar,Smite,Flash,DUO_SUPPORT,MIDDLE
Memento,NaN,Berserker's Greaves,NaN,NaN,Spirit Visage,Warmog's Armor,Stealth Ward,PhaseRush,NaN,,,NimbusCloak,NaN,,,Celerity,NaN,,,Waterwalking,NaN,NaN,,FuturesMarket,NaN,,,MagicalFootwear,NaN,NaN,NaN,NaN,NaN,NaN,NaN,Udyr,Flash,Smite,NONE,JUNGLE
Abbedagge,Doran's Ring,Rabadon's Deathcap,Luden's Tempest,Sorcerer's Shoes,Horizon Focus,Blighting Jewel,Farsight Alteration,ArcaneComet,NaN,,,ManaflowBand,NaN,NaN,,Transcendence,NaN,,,Scorch,NaN,,,CheapShot,NaN,,,UltimateHunter,NaN,,,NaN,NaN,NaN,NaN,Ziggs,Heal,Flash,DUO_SUPPORT,NONE
Abbedagge,Doran's Blade,Goredrinker,Plated Steelcaps,Ravenous Hydra,Death's Dance,Sterak's Gage,Stealth Ward,Conqueror,NaN,,,Triumph,NaN,NaN,,LegendAlacrity,NaN,NaN,,LastStand,NaN,,,UltimateHunter,NaN,,,EyeballCollection,NaN,,,NaN,NaN,NaN,NaN,Olaf,Barrier,Flash,DUO,NONE
Upset,Seraph's Embrace,Luden's Tempest,Void Staff,Sorcerer's Shoes,Morellonomicon,Rabadon's Deathcap,Farsight Alteration,PhaseRush,NaN,,,ManaflowBand,NaN,NaN,,Transcendence,NaN,,,Scorch,NaN,,,TasteOfBlood,NaN,,,RavenousHunter,NaN,NaN,,NaN,NaN,NaN,NaN,Anivia,Cleanse,Flash,SOLO,MIDDLE
Upset,Cosmic Drive,Night Harvester,Zhonya's Hourglass,Ionian Boots of Lucidity,Amplifying Tome,Needlessly Large Rod,Oracle Lens,PhaseRush,NaN,,,ManaflowBand,NaN,NaN,,Transcendence,NaN,,,Scorch,NaN,,,MagicalFootwear,NaN,NaN,,CosmicInsight,,,,NaN,NaN,NaN,NaN,Gragas,Smite,Flash,NONE,JUNGLE
Profit,NaN,Doran's Blade,Wit's End,Sterak's Gage,Trinity Force,Plated Steelcaps,Stealth Ward,Conqueror,NaN,,,PresenceOfMind,NaN,,,LegendBloodline,NaN,NaN,,LastStand,NaN,,,TasteOfBlood,NaN,,,RavenousHunter,NaN,NaN,,NaN,NaN,NaN,NaN,Irelia,Ignite,Flash,SOLO,MIDDLE
Profit,NaN,NaN,Doran's Blade,Mortal Reminder,Immortal Shieldbow,Berserker's Greaves,Stealth Ward,Conqueror,NaN,,,Triumph,NaN,NaN,,LegendAlacrity,NaN,NaN,,CoupDeGrace,NaN,,,TasteOfBlood,NaN,,,RavenousHunter,NaN,NaN,,NaN,NaN,NaN,NaN,Yasuo,Cleanse,Flash,SOLO,MIDDLE
Kikis,Ruby Crystal,Control Ward,Long Sword,NaN,Plated Steelcaps,Edge of Night,Stealth Ward,Conqueror,NaN,,,Triumph,NaN,NaN,,LegendAlacrity,NaN,NaN,,LastStand,NaN,,,SuddenImpact,NaN,,,RavenousHunter,NaN,NaN,,NaN,NaN,NaN,NaN,Lee Sin,Flash,Smite,NONE,JUNGLE
Kikis,NaN,NaN,NaN,NaN,Sorcerer's Shoes,Oblivion Orb,Oracle Lens,Electrocute,NaN,,,CheapShot,NaN,,,EyeballCollection,NaN,,,RavenousHunter,NaN,NaN,,LegendAlacrity,NaN,NaN,,CoupDeGrace,NaN,,,NaN,NaN,NaN,NaN,Elise,Flash,Smite,NONE,JUNGLE
Sencux,Ravenous Hydra,NaN,Long Sword,NaN,NaN,Boots,NaN,Electrocute,NaN,,,TasteOfBlood,NaN,,,EyeballCollection,NaN,,,RavenousHunter,NaN,NaN,,Triumph,NaN,NaN,,CoupDeGrace,NaN,,,NaN,NaN,NaN,NaN,Pantheon,Flash,Ignite,DUO,NONE
Wadid,Rapid Firecannon,NaN,Guardian Angel,Stormrazor,NaN,Berserker's Greaves,Farsight Alteration,PressTheAttack,NaN,NaN,NaN,Triumph,NaN,NaN,,LegendAlacrity,NaN,NaN,,CoupDeGrace,NaN,,,AbsoluteFocus,NaN,NaN,,GatheringStorm,NaN,,,NaN,NaN,NaN,NaN,Tristana,Ghost,Heal,SOLO,BOTTOM
Wadid,Essence Reaver,Infinity Edge,NaN,B. F. Sword,Vampiric Scepter,Berserker's Greaves,Stealth Ward,NaN,Miss Fortune,Ghost,Heal,DUO_CARRY,NONE
Maxlore,Void Staff,Zhonya's Hourglass,Morellonomicon,Luden's Tempest,Sorcerer's Shoes,Mejai's Soulstealer,Oracle Lens,DarkHarvest,NaN,NaN,,CheapShot,NaN,,,EyeballCollection,NaN,,,RavenousHunter,NaN,NaN,,AbsoluteFocus,NaN,NaN,,Waterwalking,NaN,NaN,,NaN,NaN,NaN,NaN,Taliyah,Smite,Flash,NONE,JUNGLE
Maxlore,Refillable Potion,Mercury's Treads,NaN,Galeforce,Serrated Dirk,Pickaxe,Oracle Lens,PhaseRush,NaN,,,NimbusCloak,NaN,,,AbsoluteFocus,NaN,NaN,,Waterwalking,NaN,NaN,,LegendAlacrity,NaN,NaN,,Triumph,NaN,NaN,,NaN,NaN,NaN,NaN,Graves,Smite,Flash,NONE,JUNGLE
Alphari,Seraph's Embrace,Void Staff,Guardian's Orb,Nashor's Tooth,Riftmaker,Sorcerer's Shoes,Poro-Snax,LethalTempo,NaN,,,PresenceOfMind,NaN,,,LegendAlacrity,NaN,NaN,,CutDown,NaN,,,EyeballCollection,NaN,,,RavenousHunter,NaN,NaN,,NaN,NaN,NaN,NaN,Azir,Flash,Mark,DUO_SUPPORT,TOP
Alphari,Galeforce,Guinsoo's Rageblade,Guardian's Hammer,Berserker's Greaves,Hexdrinker,Bloodthirster,Poro-Snax,LethalTempo,NaN,,,PresenceOfMind,NaN,,,LegendBloodline,NaN,NaN,,CutDown,NaN,,,EyeballCollection,NaN,,,UltimateHunter,NaN,,,NaN,NaN,NaN,NaN,Kalista,Flash,Mark,SOLO,TOP
Kold,Trinity Force,Refillable Potion,Plated Steelcaps,Phage,NaN,NaN,Stealth Ward,PhaseRush,NaN,,,NimbusCloak,NaN,,,Celerity,NaN,,,Waterwalking,NaN,NaN,,RavenousHunter,NaN,NaN,,SuddenImpact,NaN,,,NaN,NaN,NaN,NaN,Hecarim,Smite,Ghost,DUO_SUPPORT,NONE
Kold,Trinity Force,Refillable Potion,Plated Steelcaps,Death's Dance,Phage,Ruby Crystal,Oracle Lens,PhaseRush,NaN,,,NimbusCloak,NaN,,,Celerity,NaN,,,Waterwalking,NaN,NaN,,RavenousHunter,NaN,NaN,,SuddenImpact,NaN,,,NaN,NaN,NaN,NaN,Hecarim,Smite,Ghost,NONE,JUNGLE
Nukeduck,Seraph's Embrace,Luden's Tempest,Rabadon's Deathcap,Fiendish Codex,Void Staff,Horizon Focus,Poro-Snax,DarkHarvest,NaN,NaN,,TasteOfBlood,NaN,,,EyeballCollection,NaN,,,UltimateHunter,NaN,,,ManaflowBand,NaN,NaN,,GatheringStorm,NaN,,,NaN,NaN,NaN,NaN,Orianna,Heal,Flash,DUO_SUPPORT,TOP
Nukeduck,Sorcerer's Shoes,Luden's Tempest,Nashor's Tooth,NaN,NaN,NaN,Poro-Snax,LethalTempo,NaN,,,Overheal,NaN,NaN,,LegendBloodline,NaN,NaN,,CoupDeGrace,NaN,,,UltimateHunter,NaN,,,TasteOfBlood,NaN,,,NaN,NaN,NaN,NaN,Lulu,Heal,Flash,DUO_SUPPORT,NONE
Patrik,Berserker's Greaves,Muramana,The Collector,Infinity Edge,Galeforce,Bloodthirster,Farsight Alteration,LethalTempo,NaN,NaN,,PresenceOfMind,NaN,,,LegendBloodline,NaN,,,CutDown,NaN,,,ManaflowBand,NaN,NaN,,GatheringStorm,NaN,,,NaN,NaN,NaN,NaN,Sivir,Flash,Heal,DUO_CARRY,BOTTOM
Patrik,Boots,Refillable Potion,Sunfire Aegis,Cloth Armor,NaN,NaN,Oracle Lens,Aftershock,NaN,,,FontOfLife,NaN,,,Conditioning,NaN,NaN,NaN,Unflinching,NaN,,,Triumph,NaN,NaN,,LegendAlacrity,,,,NaN,NaN,NaN,NaN,Rammus,Flash,Smite,DUO_SUPPORT,NONE
Jankos,Minion Dematerializer,NaN,NaN,Sheen,Slightly Magical Footwear,Long Sword,Stealth Ward,NaN,NaN,,,MagicalFootwear,NaN,,,MinionDematerializer,NaN,,,ApproachVelocity,NaN,,,NimbusCloak,NaN,,,Celerity,NaN,,,NaN,NaN,NaN,NaN,Trundle,Barrier,Flash,DUO_SUPPORT,NONE
Jankos,Youmuu's Ghostblade,NaN,Minion Dematerializer,Dagger,Boots of Swiftness,Sheen,Stealth Ward,NaN,NaN,NaN,,MagicalFootwear,NaN,NaN,,MinionDematerializer,NaN,,,ApproachVelocity,NaN,,,NimbusCloak,NaN,,,Celerity,NaN,,,NaN,NaN,NaN,NaN,Darius,Ghost,Flash,DUO_SUPPORT,NONE
Caps,Hextech Rocketbelt,Sorcerer's Shoes,Zhonya's Hourglass,Amplifying Tome,NaN,NaN,Poro-Snax,ArcaneComet,NaN,,,NullifyingOrb,NaN,,,Celerity,NaN,,,Scorch,NaN,,,TasteOfBlood,NaN,,,RavenousHunter,NaN,NaN,,NaN,NaN,NaN,NaN,Kennen,Mark,Flash,DUO_SUPPORT,NONE
Caps,Abyssal Mask,Sorcerer's Shoes,Spirit Visage,Warmog's Armor,Bramble Vest,NaN,Poro-Snax,GraspOfTheUndying,NaN,NaN,,ShieldBash,NaN,,,SecondWind,NaN,,,Unflinching,,,,Celerity,NaN,,,Scorch,NaN,,,NaN,NaN,NaN,NaN,Gragas,Mark,Flash,DUO_SUPPORT,TOP
Mikyx,Guardian's Orb,Demonic Embrace,Sorcerer's Shoes,Luden's Tempest,Fiendish Codex,Kindlegem,Poro-Snax,ArcaneComet,NaN,,,ManaflowBand,NaN,NaN,,AbsoluteFocus,NaN,,,Scorch,NaN,,,PresenceOfMind,NaN,,,CoupDeGrace,NaN,,,NaN,NaN,NaN,NaN,Xerath,Barrier,Flash,DUO_SUPPORT,NONE
Mikyx,Guardian's Hammer,Kraken Slayer,Berserker's Greaves,Runaan's Hurricane,Pickaxe,B. F. Sword,Poro-Snax,PressTheAttack,NaN,NaN,NaN,Triumph,NaN,NaN,,LegendAlacrity,NaN,NaN,,CoupDeGrace,NaN,,,GatheringStorm,NaN,,,AbsoluteFocus,NaN,NaN,,NaN,NaN,NaN,NaN,Twitch,Heal,Flash,DUO,NONE
Khan,Zhonya's Hourglass,Hextech Rocketbelt,NaN,Boots of Swiftness,NaN,NaN,Stealth Ward,ArcaneComet,NaN,,,ManaflowBand,NaN,NaN,,Transcendence,NaN,,,Scorch,NaN,,,PerfectTiming,,,,CosmicInsight,,,,NaN,NaN,NaN,NaN,Malphite,Flash,Teleport,SOLO,TOP
Khan,NaN,Refillable Potion,Lich Bane,Plated Steelcaps,Fiendish Codex,NaN,Stealth Ward,Electrocute,NaN,,,SuddenImpact,NaN,,,EyeballCollection,NaN,,,RelentlessHunter,NaN,NaN,,NimbusCloak,NaN,,,Waterwalking,NaN,NaN,,NaN,NaN,NaN,NaN,Evelynn,Flash,Smite,NONE,JUNGLE
Joker,Divine Sunderer,Plated Steelcaps,Dead Man's Plate,Kindlegem,Doran's Blade,Phage,Stealth Ward,FleetFootwork,NaN,,,Triumph,NaN,NaN,,LegendAlacrity,NaN,NaN,,CoupDeGrace,NaN,,,BonePlating,NaN,,,Overgrowth,NaN,,,NaN,NaN,NaN,NaN,Gnar,Teleport,Flash,SOLO,TOP
Joker,B. F. Sword,Pickaxe,Rapid Firecannon,Doran's Blade,Berserker's Greaves,Stormrazor,Stealth Ward,FleetFootwork,NaN,,,PresenceOfMind,NaN,NaN,,LegendBloodline,NaN,NaN,,CoupDeGrace,NaN,,,MagicalFootwear,NaN,,,BiscuitDelivery,NaN,,,NaN,NaN,NaN,NaN,Caitlyn,Heal,Flash,DUO_CARRY,BOTTOM
Dread,Locket of the Iron Solari,Bulwark of the Mountain,Zeke's Convergence,Plated Steelcaps,NaN,NaN,Oracle Lens,Aftershock,NaN,,,FontOfLife,NaN,,,BonePlating,NaN,,,Unflinching,NaN,,,BiscuitDelivery,NaN,,,CosmicInsight,,,,NaN,NaN,NaN,NaN,Rell,Ignite,Flash,DUO_SUPPORT,BOTTOM
Dread,Corrupting Potion,Riftmaker,Mercury's Treads,Demonic Embrace,Rylai's Crystal Scepter,NaN,Stealth Ward,Conqueror,,,,Triumph,NaN,NaN,,LegendTenacity,NaN,NaN,,LastStand,NaN,,,RavenousHunter,NaN,NaN,,TasteOfBlood,NaN,,,NaN,NaN,NaN,NaN,Singed,Teleport,Ghost,SOLO,TOP
Ucal,NaN,Zhonya's Hourglass,Mobility Boots,Crystalline Bracer,Forbidden Idol,NaN,Oracle Lens,SummonAery,NaN,,,ManaflowBand,NaN,NaN,,Transcendence,,,,Scorch,NaN,,,PerfectTiming,,,,CosmicInsight,,,,NaN,NaN,NaN,NaN,Morgana,Flash,Ignite,DUO_SUPPORT,BOTTOM
Ucal,Hextech Rocketbelt,Sorcerer's Shoes,Lich Bane,NaN,Needlessly Large Rod,Null-Magic Mantle,Poro-Snax,Electrocute,NaN,,,TasteOfBlood,NaN,,,EyeballCollection,NaN,,,RavenousHunter,NaN,NaN,,Triumph,NaN,NaN,,CoupDeGrace,NaN,,,NaN,NaN,NaN,NaN,Ekko,Flash,Mark,DUO_SUPPORT,MIDDLE
Jelly,Corrupting Potion,NaN,NaN,NaN,NaN,NaN,Stealth Ward,Conqueror,,,,Overheal,,,,LegendBloodline,,,,CoupDeGrace,,,,Demolish,,,,Unflinching,,,,NaN,NaN,NaN,NaN,Trundle,Flash,Teleport,NONE,JUNGLE
Jelly,Rabadon's Deathcap,Seraph's Embrace,Rylai's Crystal Scepter,NaN,NaN,Blasting Wand,Stealth Ward,Conqueror,NaN,,,PresenceOfMind,NaN,NaN,,LegendTenacity,NaN,NaN,,CoupDeGrace,NaN,,,NimbusCloak,NaN,,,Waterwalking,NaN,NaN,,NaN,NaN,NaN,NaN,Cassiopeia,Flash,Teleport,DUO,BOTTOM
Spirit,Zhonya's Hourglass,Luden's Tempest,Rabadon's Deathcap,Sorcerer's Shoes,Morellonomicon,Void Staff,Stealth Ward,SummonAery,NaN,NaN,,ManaflowBand,NaN,NaN,,Transcendence,NaN,,,Scorch,NaN,,,BiscuitDelivery,NaN,,,CosmicInsight,,,,NaN,NaN,NaN,NaN,Seraphine,Teleport,Flash,SOLO,MIDDLE
Spirit,Luden's Tempest,Broken Stopwatch,Seraph's Embrace,Doran's Ring,Sorcerer's Shoes,Seeker's Armguard,Stealth Ward,Electrocute,NaN,,,CheapShot,NaN,,,EyeballCollection,NaN,,,RavenousHunter,NaN,NaN,,PresenceOfMind,NaN,,,CoupDeGrace,NaN,,,NaN,NaN,NaN,NaN,Anivia,Ignite,Flash,SOLO,MIDDLE
Gango,Broken Stopwatch,Corrupting Potion,Sorcerer's Shoes,Night Harvester,Sheen,Blasting Wand,Stealth Ward,Electrocute,NaN,,,SuddenImpact,NaN,,,EyeballCollection,NaN,,,RavenousHunter,NaN,NaN,,Triumph,NaN,NaN,,CoupDeGrace,NaN,,,NaN,NaN,NaN,NaN,Fizz,Ignite,Flash,SOLO,MIDDLE
Gango,Corrupting Potion,Zhonya's Hourglass,Ionian Boots of Lucidity,Liandry's Anguish,Amplifying Tome,NaN,Stealth Ward,Electrocute,NaN,,,SuddenImpact,NaN,,,EyeballCollection,NaN,,,RavenousHunter,NaN,NaN,,CoupDeGrace,NaN,,,PresenceOfMind,NaN,,,NaN,NaN,NaN,NaN,Fizz,Ignite,Flash,SOLO,MIDDLE
Stitch,Ravenous Hydra,Refillable Potion,Plated Steelcaps,Executioner's Calling,Phage,Kindlegem,Stealth Ward,Conqueror,NaN,,,Triumph,NaN,NaN,,LegendTenacity,NaN,,,LastStand,NaN,,,FuturesMarket,NaN,,,CosmicInsight,,,,NaN,NaN,NaN,NaN,Riven,Flash,Teleport,SOLO,TOP
Stitch,Ravenous Hydra,Goredrinker,Mercury's Treads,Maw of Malmortius,Executioner's Calling,Death's Dance,Stealth Ward,Conqueror,NaN,,,Triumph,NaN,NaN,,LegendTenacity,NaN,NaN,,LastStand,NaN,,,FuturesMarket,NaN,,,CosmicInsight,,,,NaN,NaN,NaN,NaN,Riven,Flash,Teleport,SOLO,TOP
Nova,Stopwatch,Riftmaker,Sorcerer's Shoes,Lich Bane,Amplifying Tome,Seeker's Armguard,Oracle Lens,Conqueror,NaN,,,Triumph,NaN,NaN,,LegendTenacity,NaN,NaN,,CoupDeGrace,NaN,,,TasteOfBlood,NaN,,,RavenousHunter,NaN,NaN,,NaN,NaN,NaN,NaN,Akali,Ignite,Flash,SOLO,MIDDLE
Nova,Zhonya's Hourglass,Sorcerer's Shoes,Cosmic Drive,Night Harvester,Lich Bane,Rabadon's Deathcap,Oracle Lens,Electrocute,NaN,,,TasteOfBlood,NaN,,,EyeballCollection,NaN,,,RavenousHunter,NaN,NaN,,Triumph,NaN,NaN,,CoupDeGrace,NaN,,,NaN,NaN,NaN,NaN,Akali,Ignite,Flash,SOLO,MIDDLE
Proud,Relic Shield,Boots of Swiftness,NaN,Broken Stopwatch,Amplifying Tome,Imperial Mandate,Oracle Lens,UnsealedSpellbook,NaN,,,PerfectTiming,,,,BiscuitDelivery,NaN,,,ApproachVelocity,NaN,,,Celerity,NaN,,,Waterwalking,NaN,NaN,,NaN,NaN,NaN,NaN,Bard,Flash,Ignite,DUO_SUPPORT,BOTTOM
Proud,Shard of True Ice,Control Ward,Redemption,Ionian Boots of Lucidity,Staff of Flowing Water,Imperial Mandate,Oracle Lens,SummonAery,NaN,NaN,,NimbusCloak,NaN,,,Transcendence,NaN,,,Scorch,NaN,,,CosmicInsight,,,,FuturesMarket,NaN,,,NaN,NaN,NaN,NaN,Ivern,Flash,Exhaust,DUO_SUPPORT,BOTTOM
Goku,Plated Steelcaps,Black Cleaver,Chain Vest,Ruby Crystal,NaN,NaN,Stealth Ward,PressTheAttack,,,,Triumph,NaN,NaN,,LegendAlacrity,,,,CoupDeGrace,NaN,,,AbsoluteFocus,NaN,NaN,,GatheringStorm,NaN,,,NaN,NaN,NaN,NaN,Garen,Flash,Ignite,DUO_SUPPORT,NONE
Goku,Sorcerer's Shoes,Zhonya's Hourglass,NaN,Rylai's Crystal Scepter,Void Staff,Rabadon's Deathcap,Stealth Ward,ArcaneComet,NaN,,,NullifyingOrb,NaN,,,Transcendence,NaN,,,GatheringStorm,NaN,,,EyeballCollection,NaN,,,RelentlessHunter,NaN,NaN,,NaN,NaN,NaN,NaN,Teemo,Flash,Ignite,DUO,TOP
brTT,Long Sword,Refillable Potion,Long Sword,NaN,NaN,NaN,Stealth Ward,Electrocute,NaN,,,TasteOfBlood,NaN,,,EyeballCollection,,,,RavenousHunter,NaN,,,Triumph,,,,CoupDeGrace,NaN,,,NaN,NaN,NaN,NaN,Zed,Ghost,Heal,DUO_SUPPORT,TOP
brTT,Doran's Ring,NaN,Sorcerer's Shoes,Morellonomicon,Needlessly Large Rod,Needlessly Large Rod,Stealth Ward,ArcaneComet,NaN,,,ManaflowBand,NaN,NaN,,Transcendence,,,,GatheringStorm,NaN,,,EyeballCollection,NaN,,,RelentlessHunter,NaN,NaN,,NaN,NaN,NaN,NaN,Ahri,Ghost,Heal,DUO_CARRY,TOP
Luci,Redemption,NaN,Pauldrons of Whiterock,Locket of the Iron Solari,Giant's Belt,Mobility Boots,Oracle Lens,Aftershock,NaN,,,FontOfLife,NaN,,,Conditioning,NaN,NaN,NaN,Overgrowth,NaN,,,CosmicInsight,,,,HextechFlashtraption,NaN,,,NaN,NaN,NaN,NaN,Thresh,Ignite,Flash,DUO_SUPPORT,BOTTOM
Luci,Seeker's Armguard,NaN,Frostfang,Broken Stopwatch,Forbidden Idol,Mobility Boots,Oracle Lens,SummonAery,NaN,NaN,,ManaflowBand,NaN,NaN,,Transcendence,,,,Scorch,NaN,,,CosmicInsight,,,,MagicalFootwear,NaN,NaN,NaN,NaN,NaN,NaN,NaN,Morgana,Ignite,Flash,DUO_SUPPORT,BOTTOM
Ranger,NaN,Titanic Hydra,Mercury's Treads,Wit's End,Trinity Force,NaN,Stealth Ward,PressTheAttack,NaN,NaN,NaN,Triumph,NaN,NaN,,LegendAlacrity,NaN,NaN,,CoupDeGrace,NaN,,,Celerity,NaN,,,Waterwalking,NaN,NaN,,NaN,NaN,NaN,NaN,Warwick,Smite,Flash,NONE,JUNGLE
Ranger,Refillable Potion,NaN,Mercury's Treads,Caulfield's Warhammer,Long Sword,NaN,Stealth Ward,FleetFootwork,NaN,,,Triumph,NaN,NaN,,LegendAlacrity,NaN,,,CoupDeGrace,NaN,,,FontOfLife,NaN,,,Conditioning,NaN,NaN,NaN,NaN,NaN,NaN,NaN,Graves,Smite,Flash,NONE,JUNGLE
dyNquedo,Doran's Shield,NaN,Banshee's Veil,Mercury's Treads,Needlessly Large Rod,NaN,Stealth Ward,FleetFootwork,NaN,,,Overheal,NaN,NaN,,LegendTenacity,NaN,NaN,,CoupDeGrace,NaN,,,BiscuitDelivery,NaN,,,CosmicInsight,,,,NaN,NaN,NaN,NaN,Akali,Flash,Ignite,SOLO,MIDDLE
dyNquedo,NaN,Refillable Potion,Mercury's Treads,NaN,NaN,NaN,Oracle Lens,Predator,NaN,,,CheapShot,NaN,,,ZombieWard,NaN,NaN,,RavenousHunter,NaN,NaN,,Celerity,NaN,,,NullifyingOrb,NaN,,,NaN,NaN,NaN,NaN,Poppy,Flash,Smite,DUO_SUPPORT,NONE
Yang,Berserker's Greaves,Immortal Shieldbow,The Collector,Bloodthirster,B. F. Sword,Pickaxe,Stealth Ward,Conqueror,NaN,,,PresenceOfMind,NaN,,,LegendBloodline,NaN,NaN,,CoupDeGrace,NaN,,,RavenousHunter,NaN,NaN,,TasteOfBlood,NaN,,,NaN,NaN,NaN,NaN,Samira,Heal,Flash,DUO_CARRY,BOTTOM
Yang,Mercury's Treads,Silvermere Dawn,Black Cleaver,Death's Dance,Ravenous Hydra,Goredrinker,Stealth Ward,Conqueror,NaN,,,Triumph,NaN,NaN,,LegendAlacrity,NaN,NaN,,LastStand,NaN,,,MagicalFootwear,NaN,,,CosmicInsight,,,,NaN,NaN,NaN,NaN,Riven,Teleport,Flash,SOLO,TOP
Laba,Control Ward,Shurelya's Battlesong,Bulwark of the Mountain,Dead Man's Plate,Boots of Swiftness,NaN,Oracle Lens,Aftershock,NaN,,,Demolish,NaN,,,BonePlating,NaN,,,Unflinching,NaN,,,Celerity,NaN,,,NimbusCloak,NaN,,,NaN,NaN,NaN,NaN,Galio,Ignite,Flash,DUO_SUPPORT,BOTTOM
Laba,Dead Man's Plate,Bulwark of the Mountain,Ruby Crystal,Boots of Swiftness,Kindlegem,Faerie Charm,Oracle Lens,Aftershock,NaN,,,Demolish,NaN,,,BonePlating,NaN,,,Unflinching,NaN,,,Celerity,NaN,,,NimbusCloak,NaN,,,NaN,NaN,NaN,NaN,Galio,Ignite,Flash,DUO_SUPPORT,BOTTOM
Klaus,Corrupting Potion,Divine Sunderer,Mercury's Treads,Chempunk Chainsword,Blade of The Ruined King,NaN,Stealth Ward,Conqueror,NaN,,,Triumph,NaN,NaN,,LegendAlacrity,NaN,NaN,,LastStand,NaN,,,BiscuitDelivery,NaN,,,TimeWarpTonic,NaN,NaN,NaN,NaN,NaN,NaN,NaN,Jax,Flash,Teleport,SOLO,TOP
Klaus,Goredrinker,Refillable Potion,Tiamat,Chain Vest,Mercury's Treads,NaN,Stealth Ward,PressTheAttack,NaN,NaN,NaN,Triumph,,NaN,,LegendTenacity,,,,CoupDeGrace,NaN,,,NimbusCloak,NaN,,,Celerity,NaN,,,NaN,NaN,NaN,NaN,Udyr,Flash,Smite,NONE,JUNGLE
Breeze,NaN,Sunfire Aegis,Mercury's Treads,Dead Man's Plate,Spirit Visage,Sterak's Gage,Stealth Ward,Aftershock,NaN,,,Demolish,NaN,,,Conditioning,NaN,NaN,NaN,Overgrowth,NaN,,,Triumph,NaN,NaN,,LegendAlacrity,NaN,,,NaN,NaN,NaN,NaN,Volibear,Ignite,Flash,DUO,TOP
Breeze,Rapid Firecannon,Dead Man's Plate,Mobility Boots,Nashor's Tooth,NaN,Guinsoo's Rageblade,Stealth Ward,Guardian,NaN,,,Demolish,,,,BonePlating,NaN,,,Revitalize,NaN,NaN,,ZombieWard,,,,RelentlessHunter,NaN,NaN,,NaN,NaN,NaN,NaN,Bard,Ignite,Flash,NONE,JUNGLE
Leaky,B. F. Sword,Bloodthirster,Berserker's Greaves,Rapid Firecannon,Infinity Edge,Essence Reaver,Farsight Alteration,PressTheAttack,NaN,NaN,NaN,Triumph,NaN,NaN,,LegendAlacrity,NaN,NaN,,CoupDeGrace,NaN,,,MagicalFootwear,NaN,NaN,NaN,BiscuitDelivery,NaN,,,NaN,NaN,NaN,NaN,Miss Fortune,Flash,Heal,DUO_CARRY,BOTTOM
Leaky,Doran's Ring,Zhonya's Hourglass,NaN,Blasting Wand,Plated Steelcaps,Amplifying Tome,Oracle Lens,ArcaneComet,NaN,,,ManaflowBand,NaN,NaN,,Transcendence,,,,Scorch,NaN,,,BiscuitDelivery,NaN,,,CosmicInsight,,,,NaN,NaN,NaN,NaN,Lux,Flash,Barrier,DUO,MIDDLE
Caipi,NaN,Lost Chapter,Sorcerer's Shoes,NaN,NaN,NaN,Poro-Snax,ArcaneComet,NaN,,,ManaflowBand,NaN,NaN,,Transcendence,,,,GatheringStorm,NaN,,,EyeballCollection,NaN,,,RelentlessHunter,NaN,NaN,,NaN,NaN,NaN,NaN,Heimerdinger,Flash,Heal,DUO_SUPPORT,NONE
DDC,Shurelya's Battlesong,Plated Steelcaps,Frozen Heart,Spirit Visage,NaN,NaN,Poro-Snax,GraspOfTheUndying,NaN,NaN,,Demolish,NaN,,,SecondWind,NaN,,,Overgrowth,NaN,,,NullifyingOrb,NaN,,,Scorch,NaN,,,NaN,NaN,NaN,NaN,Alistar,Exhaust,Flash,DUO_SUPPORT,NONE
DDC,Liandry's Anguish,Sorcerer's Shoes,Morellonomicon,Void Staff,Fiendish Codex,NaN,Poro-Snax,GraspOfTheUndying,NaN,NaN,,Demolish,NaN,,,SecondWind,NaN,,,Overgrowth,NaN,,,NullifyingOrb,NaN,,,Scorch,NaN,,,NaN,NaN,NaN,NaN,Ahri,Exhaust,Flash,DUO_SUPPORT,NONE
Xiaobo,Zhonya's Hourglass,Hextech Rocketbelt,Corrupting Potion,Morellonomicon,Sorcerer's Shoes,Void Staff,Stealth Ward,ArcaneComet,NaN,,,ManaflowBand,NaN,NaN,,Transcendence,NaN,,,Scorch,NaN,,,BiscuitDelivery,NaN,,,TimeWarpTonic,NaN,NaN,NaN,NaN,NaN,NaN,NaN,Heimerdinger,Teleport,Flash,SOLO,MIDDLE
Xiaobo,Randuin's Omen,Gargoyle Stoneplate,Thornmail,Plated Steelcaps,Sunfire Aegis,Winged Moonplate,Stealth Ward,ArcaneComet,NaN,,,ManaflowBand,NaN,NaN,,Transcendence,NaN,,,Scorch,NaN,,,BiscuitDelivery,NaN,,,TimeWarpTonic,NaN,NaN,NaN,NaN,NaN,NaN,NaN,Malphite,Teleport,Flash,SOLO,TOP
Gengar,Zhonya's Hourglass,NaN,Void Staff,Sorcerer's Shoes,Lich Bane,NaN,Oracle Lens,DarkHarvest,NaN,NaN,,SuddenImpact,NaN,,,EyeballCollection,NaN,,,RelentlessHunter,NaN,NaN,,MagicalFootwear,NaN,,,CosmicInsight,,,,NaN,NaN,NaN,NaN,Nidalee,Flash,Smite,NONE,JUNGLE
Gengar,NaN,Refillable Potion,Sapphire Crystal,Sorcerer's Shoes,Amplifying Tome,NaN,Stealth Ward,DarkHarvest,NaN,NaN,,SuddenImpact,NaN,,,EyeballCollection,NaN,,,RelentlessHunter,NaN,NaN,,MagicalFootwear,NaN,,,CosmicInsight,,,,NaN,NaN,NaN,NaN,Nidalee,Flash,Smite,DUO_SUPPORT,NONE
Gemini,NaN,NaN,NaN,NaN,NaN,NaN,Poro-Snax,Electrocute,,,,TasteOfBlood,,,,EyeballCollection,,,,UltimateHunter,,,,PresenceOfMind,,,,LegendAlacrity,,,,NaN,NaN,NaN,NaN,Master Yi,Flash,Barrier,DUO_SUPPORT,NONE
Gemini,Lord Dominik's Regards,Berserker's Greaves,Infinity Edge,Phantom Dancer,Runaan's Hurricane,Bloodthirster,Poro-Snax,Conqueror,NaN,,,PresenceOfMind,NaN,NaN,,LegendBloodline,NaN,NaN,,CoupDeGrace,NaN,,,ManaflowBand,NaN,NaN,,Transcendence,,,,NaN,NaN,NaN,NaN,Graves,Flash,Barrier,NONE,JUNGLE
M1ssion,Tiamat,Refillable Potion,NaN,Kindlegem,NaN,Mercury's Treads,Farsight Alteration,Electrocute,NaN,,,SuddenImpact,NaN,,,EyeballCollection,NaN,,,RavenousHunter,NaN,NaN,,Triumph,NaN,NaN,,CoupDeGrace,NaN,,,NaN,NaN,NaN,NaN,Talon,Flash,Ignite,DUO,MIDDLE
M1ssion,Zhonya's Hourglass,Corrupting Potion,NaN,Doran's Ring,Blasting Wand,Sorcerer's Shoes,Farsight Alteration,DarkHarvest,NaN,NaN,NaN,CheapShot,NaN,,,EyeballCollection,NaN,,,UltimateHunter,NaN,,,PerfectTiming,,,,BiscuitDelivery,NaN,,,NaN,NaN,NaN,NaN,Brand,Flash,Exhaust,DUO_CARRY,MIDDLE
Unified,Seraph's Embrace,Refillable Potion,Sorcerer's Shoes,Morellonomicon,Blasting Wand,Amplifying Tome,Stealth Ward,PhaseRush,NaN,,,ManaflowBand,NaN,NaN,,Transcendence,,,,GatheringStorm,NaN,,,TasteOfBlood,NaN,,,RavenousHunter,NaN,NaN,,NaN,NaN,NaN,NaN,Ryze,Teleport,Flash,SOLO,TOP
Unified,Doran's Ring,NaN,Oblivion Orb,NaN,Sorcerer's Shoes,NaN,Stealth Ward,Electrocute,NaN,,,SuddenImpact,NaN,,,EyeballCollection,NaN,,,RavenousHunter,NaN,NaN,,ManaflowBand,NaN,NaN,,Transcendence,,,,NaN,NaN,NaN,NaN,Ahri,Ignite,Flash,SOLO,MIDDLE
Kaiwing,Plated Steelcaps,Caulfield's Warhammer,Pickaxe,Cloth Armor,The Collector,Immortal Shieldbow,NaN,Conqueror,NaN,,,Triumph,NaN,NaN,,LegendAlacrity,NaN,NaN,,CoupDeGrace,NaN,,,CheapShot,NaN,,,EyeballCollection,NaN,,,NaN,NaN,NaN,NaN,Graves,Flash,Mark,DUO,NONE
Kaiwing,Berserker's Greaves,Refillable Potion,NaN,Rapid Firecannon,Runaan's Hurricane,Kraken Slayer,Stealth Ward,HailOfBlades,NaN,NaN,,SuddenImpact,NaN,,,EyeballCollection,NaN,,,RavenousHunter,NaN,NaN,,PresenceOfMind,NaN,,,LegendAlacrity,NaN,NaN,,NaN,NaN,NaN,NaN,Twitch,Flash,Smite,NONE,JUNGLE
Hanabi,Sorcerer's Shoes,Liandry's Anguish,Morellonomicon,Rabadon's Deathcap,NaN,NaN,Poro-Snax,ArcaneComet,NaN,,,ManaflowBand,NaN,NaN,,AbsoluteFocus,NaN,NaN,,Scorch,NaN,,,PresenceOfMind,NaN,,,CoupDeGrace,NaN,,,NaN,NaN,NaN,NaN,Ziggs,Flash,Mark,DUO_SUPPORT,NONE
Hanabi,Sorcerer's Shoes,Shard of True Ice,Rabadon's Deathcap,Cosmic Drive,Luden's Tempest,Oblivion Orb,Oracle Lens,ArcaneComet,NaN,,,ManaflowBand,NaN,NaN,,AbsoluteFocus,NaN,NaN,,Scorch,NaN,,,PresenceOfMind,NaN,,,CoupDeGrace,NaN,,,NaN,NaN,NaN,NaN,Veigar,Flash,Ignite,DUO_SUPPORT,BOTTOM
Rather,Amplifying Tome,Liandry's Anguish,Dark Seal,Sorcerer's Shoes,Morellonomicon,Zhonya's Hourglass,Stealth Ward,Conqueror,NaN,,,PresenceOfMind,NaN,,,LegendAlacrity,NaN,NaN,,CoupDeGrace,NaN,,,MagicalFootwear,NaN,NaN,NaN,BiscuitDelivery,NaN,,,NaN,NaN,NaN,NaN,Sylas,Flash,Teleport,SOLO,TOP
Rather,Doran's Blade,Muramana,Essence Reaver,Kraken Slayer,Hexdrinker,Mercury's Treads,Stealth Ward,PressTheAttack,NaN,NaN,NaN,PresenceOfMind,NaN,,,LegendBloodline,NaN,NaN,,CoupDeGrace,NaN,,,MagicalFootwear,NaN,NaN,,BiscuitDelivery,NaN,,,NaN,NaN,NaN,NaN,Lucian,Flash,Ignite,SOLO,MIDDLE
Betty,Stormrazor,Berserker's Greaves,Bloodthirster,Phantom Dancer,Infinity Edge,Kraken Slayer,Stealth Ward,LethalTempo,NaN,,,PresenceOfMind,NaN,,,LegendAlacrity,NaN,,,CoupDeGrace,NaN,,,ApproachVelocity,NaN,,,BiscuitDelivery,NaN,,,NaN,NaN,NaN,NaN,Sivir,Flash,Heal,DUO_CARRY,BOTTOM
Betty,Trinity Force,Spirit Visage,Giant's Belt,Doran's Shield,NaN,Mercury's Treads,Stealth Ward,ArcaneComet,NaN,,,ManaflowBand,NaN,NaN,,Transcendence,NaN,,,GatheringStorm,NaN,,,CosmicInsight,,,,MagicalFootwear,NaN,NaN,,NaN,NaN,NaN,NaN,Nasus,Flash,Teleport,SOLO,TOP
ShiauC,Berserker's Greaves,NaN,Infinity Edge,Rapid Firecannon,Dagger,NaN,Stealth Ward,FleetFootwork,NaN,,,Triumph,NaN,NaN,,LegendBloodline,,,,CoupDeGrace,NaN,,,GatheringStorm,NaN,,,NimbusCloak,NaN,,,NaN,NaN,NaN,NaN,Caitlyn,Flash,Heal,SOLO,MIDDLE
ShiauC,Doran's Blade,Essence Reaver,Black Mist Scythe,Blade of The Ruined King,Berserker's Greaves,Pickaxe,Stealth Ward,LethalTempo,NaN,,,PresenceOfMind,NaN,NaN,,LegendAlacrity,NaN,NaN,,CoupDeGrace,NaN,,,ApproachVelocity,NaN,,,BiscuitDelivery,NaN,,,NaN,NaN,NaN,NaN,Ashe,Flash,Heal,DUO_SUPPORT,BOTTOM
Error,Refillable Potion,Plated Steelcaps,Trinity Force,Winged Moonplate,Chain Vest,NaN,Oracle Lens,Conqueror,NaN,,,Triumph,NaN,NaN,,LegendTenacity,NaN,,,LastStand,NaN,,,Conditioning,NaN,NaN,NaN,Unflinching,NaN,,,NaN,NaN,NaN,NaN,Udyr,Flash,Smite,DUO_SUPPORT,NONE
Error,Refillable Potion,Mercury's Treads,Trinity Force,Dead Man's Plate,Force of Nature,Long Sword,Stealth Ward,Conqueror,NaN,,,Triumph,NaN,NaN,,LegendTenacity,NaN,NaN,,LastStand,NaN,,,Conditioning,NaN,NaN,NaN,Unflinching,NaN,,,NaN,NaN,NaN,NaN,Udyr,Flash,Smite,NONE,JUNGLE
Wako,Redemption,Locket of the Iron Solari,Shard of True Ice,Ardent Censer,NaN,Mobility Boots,Oracle Lens,SummonAery,NaN,NaN,,ManaflowBand,NaN,NaN,,Transcendence,,,,Scorch,NaN,,,BiscuitDelivery,NaN,,,CosmicInsight,,,,NaN,NaN,NaN,NaN,Nami,Flash,Ignite,DUO_SUPPORT,BOTTOM
Wako,NaN,Shard of True Ice,Mobility Boots,Ardent Censer,Crystalline Bracer,Faerie Charm,Oracle Lens,SummonAery,NaN,NaN,,ManaflowBand,NaN,NaN,,Transcendence,,,,Scorch,NaN,,,PresenceOfMind,NaN,NaN,,CutDown,NaN,,,NaN,NaN,NaN,NaN,Sona,Flash,Exhaust,DUO_SUPPORT,BOTTOM
Solo,NaN,Hextech Alternator,Blasting Wand,Doran's Ring,Boots,NaN,Stealth Ward,Electrocute,NaN,,,TasteOfBlood,NaN,,,EyeballCollection,NaN,,,RelentlessHunter,NaN,NaN,,CoupDeGrace,NaN,,,Triumph,NaN,NaN,,NaN,NaN,NaN,NaN,Fizz,Flash,Ignite,DUO,NONE
Solo,Rapid Firecannon,Immortal Shieldbow,Serrated Dirk,Boots of Swiftness,Essence Reaver,NaN,Stealth Ward,Conqueror,NaN,,,Triumph,NaN,NaN,,LegendBloodline,,,,CoupDeGrace,NaN,,,NimbusCloak,NaN,,,GatheringStorm,NaN,,,NaN,NaN,NaN,NaN,Samira,Flash,Heal,DUO_CARRY,BOTTOM
Rush,Sunfire Aegis,Mercury's Treads,Demonic Embrace,Spirit Visage,Abyssal Mask,Bramble Vest,Poro-Snax,Aftershock,NaN,,,FontOfLife,NaN,,,Conditioning,NaN,NaN,NaN,Revitalize,NaN,,,LegendTenacity,NaN,,,Triumph,NaN,NaN,,NaN,NaN,NaN,NaN,Maokai,Flash,Mark,DUO_SUPPORT,TOP
Rush,Lich Bane,Sorcerer's Shoes,Night Harvester,Demonic Embrace,Horizon Focus,NaN,Poro-Snax,DarkHarvest,NaN,NaN,,TasteOfBlood,NaN,,,EyeballCollection,NaN,,,UltimateHunter,NaN,,,PresenceOfMind,NaN,,,CoupDeGrace,NaN,,,NaN,NaN,NaN,NaN,Gangplank,Flash,Mark,DUO_SUPPORT,NONE
Fenix,Pauldrons of Whiterock,Youmuu's Ghostblade,Mobility Boots,Duskblade of Draktharr,NaN,NaN,Oracle Lens,Aftershock,NaN,,,FontOfLife,NaN,,,SecondWind,NaN,,,Overgrowth,NaN,,,SuddenImpact,NaN,,,EyeballCollection,NaN,,,NaN,NaN,NaN,NaN,Pyke,Flash,Ignite,DUO_SUPPORT,BOTTOM
Fenix,Pauldrons of Whiterock,Locket of the Iron Solari,Aegis of the Legion,Cloth Armor,Mercury's Treads,Knight's Vow,Oracle Lens,Aftershock,NaN,,,FontOfLife,NaN,,,Conditioning,NaN,NaN,NaN,Revitalize,NaN,NaN,,SuddenImpact,NaN,,,ZombieWard,NaN,NaN,,NaN,NaN,NaN,NaN,Thresh,Flash,Ignite,DUO_SUPPORT,BOTTOM
Apollo,Doran's Blade,Essence Reaver,Infinity Edge,Rapid Firecannon,Berserker's Greaves,NaN,Stealth Ward,ArcaneComet,NaN,,,NullifyingOrb,NaN,,,Celerity,NaN,,,Scorch,NaN,,,CheapShot,NaN,,,RelentlessHunter,NaN,NaN,,NaN,NaN,NaN,NaN,Miss Fortune,Flash,Heal,DUO_CARRY,BOTTOM
Apollo,Doran's Blade,Essence Reaver,B. F. Sword,Berserker's Greaves,NaN,NaN,Stealth Ward,ArcaneComet,NaN,,,NullifyingOrb,NaN,,,Celerity,NaN,,,Scorch,NaN,,,CheapShot,NaN,,,RelentlessHunter,NaN,NaN,,NaN,NaN,NaN,NaN,Miss Fortune,Flash,Heal,DUO_CARRY,BOTTOM
Hakuho,Doran's Ring,Refillable Potion,Sorcerer's Shoes,NaN,Amplifying Tome,Ruby Crystal,Stealth Ward,ArcaneComet,NaN,,,ManaflowBand,NaN,NaN,,Transcendence,,,,GatheringStorm,NaN,,,EyeballCollection,NaN,,,RelentlessHunter,NaN,NaN,,NaN,NaN,NaN,NaN,Vel'Koz,Heal,Flash,DUO_SUPPORT,TOP
Hakuho,Stormrazor,Refillable Potion,Berserker's Greaves,Doran's Blade,Cloak of Agility,NaN,Stealth Ward,PressTheAttack,NaN,NaN,NaN,Triumph,NaN,NaN,,LegendAlacrity,,,,CoupDeGrace,NaN,,,AbsoluteFocus,NaN,NaN,,GatheringStorm,NaN,,,NaN,NaN,NaN,NaN,Caitlyn,Flash,Heal,DUO_SUPPORT,NONE
Moonblack,Frostfang,Zhonya's Hourglass,Boots,Lost Chapter,Health Potion,NaN,Oracle Lens,SummonAery,NaN,NaN,,ManaflowBand,NaN,NaN,,Transcendence,,,,Scorch,NaN,,,BiscuitDelivery,NaN,,,CosmicInsight,,,,NaN,NaN,NaN,NaN,Morgana,Flash,Exhaust,DUO_SUPPORT,NONE
Moonblack,Shard of True Ice,Liandry's Anguish,Rylai's Crystal Scepter,Mobility Boots,Needlessly Large Rod,Needlessly Large Rod,Oracle Lens,SummonAery,NaN,,,ManaflowBand,NaN,NaN,,Transcendence,NaN,,,Scorch,NaN,,,BiscuitDelivery,NaN,,,CosmicInsight,,,,NaN,NaN,NaN,NaN,Zyra,Flash,Ignite,DUO_SUPPORT,BOTTOM
Crash,Mercury's Treads,NaN,Abyssal Mask,Thornmail,Force of Nature,Giant's Belt,Stealth Ward,GraspOfTheUndying,NaN,NaN,,Demolish,NaN,,,SecondWind,NaN,,,Overgrowth,NaN,,,MagicalFootwear,NaN,,,BiscuitDelivery,NaN,,,NaN,NaN,NaN,NaN,Ornn,Teleport,Flash,SOLO,TOP
Crash,Mercury's Treads,Ravenous Hydra,Goredrinker,Death's Dance,Serrated Dirk,Cloak of Agility,Oracle Lens,Electrocute,NaN,,,SuddenImpact,NaN,,,EyeballCollection,NaN,,,RavenousHunter,NaN,NaN,,Demolish,NaN,,,SecondWind,NaN,,,NaN,NaN,NaN,NaN,Rengar,Ignite,Flash,SOLO,TOP
Alex,NaN,Refillable Potion,Lich Bane,Blasting Wand,Amplifying Tome,Sorcerer's Shoes,Oracle Lens,Electrocute,NaN,,,SuddenImpact,NaN,,,EyeballCollection,NaN,,,RelentlessHunter,NaN,NaN,,AbsoluteFocus,NaN,,,GatheringStorm,NaN,,,NaN,NaN,NaN,NaN,Evelynn,Flash,Smite,NONE,JUNGLE
Alex,Mercury's Treads,Black Cleaver,Corrupting Potion,Hexdrinker,Caulfield's Warhammer,NaN,Stealth Ward,Electrocute,NaN,,,TasteOfBlood,NaN,,,EyeballCollection,NaN,,,RavenousHunter,NaN,NaN,,Triumph,NaN,NaN,,CoupDeGrace,NaN,,,NaN,NaN,NaN,NaN,Jarvan IV,Flash,Teleport,SOLO,TOP
Bruce,Plated Steelcaps,Control Ward,Thornmail,NaN,NaN,NaN,Stealth Ward,Conqueror,NaN,,,Triumph,NaN,NaN,,LegendBloodline,,,,CoupDeGrace,NaN,,,SuddenImpact,NaN,,,IngeniousHunter,NaN,NaN,,NaN,NaN,NaN,NaN,Lee Sin,Smite,Flash,NONE,JUNGLE
Bruce,NaN,NaN,Dead Man's Plate,Plated Steelcaps,NaN,NaN,Stealth Ward,Conqueror,NaN,,,Triumph,NaN,NaN,,LegendBloodline,,,,CoupDeGrace,NaN,,,SuddenImpact,NaN,,,IngeniousHunter,NaN,NaN,,NaN,NaN,NaN,NaN,Lee Sin,Smite,Flash,NONE,JUNGLE
FallenBandit,Immortal Shieldbow,Infinity Edge,Essence Reaver,Caulfield's Warhammer,Executioner's Calling,Berserker's Greaves,Farsight Alteration,LethalTempo,NaN,NaN,,PresenceOfMind,NaN,,,LegendBloodline,NaN,,,CoupDeGrace,NaN,,,NimbusCloak,NaN,,,GatheringStorm,NaN,,,NaN,NaN,NaN,NaN,Xayah,Heal,Flash,DUO_CARRY,BOTTOM
FallenBandit,Kraken Slayer,Caulfield's Warhammer,NaN,Sheen,Doran's Blade,Berserker's Greaves,Farsight Alteration,PressTheAttack,NaN,NaN,NaN,PresenceOfMind,NaN,,,LegendBloodline,NaN,NaN,,CoupDeGrace,NaN,,,MagicalFootwear,NaN,NaN,,BiscuitDelivery,NaN,,,NaN,NaN,NaN,NaN,Lucian,Heal,Flash,DUO_CARRY,BOTTOM
Wiggily,Gargoyle Stoneplate,Pauldrons of Whiterock,Control Ward,Zeke's Convergence,Mobility Boots,Knight's Vow,Oracle Lens,Aftershock,NaN,,,FontOfLife,NaN,,,BonePlating,NaN,,,Overgrowth,NaN,,,BiscuitDelivery,NaN,,,PerfectTiming,,,,NaN,NaN,NaN,NaN,Thresh,Ignite,Flash,DUO_SUPPORT,BOTTOM
Wiggily,Bulwark of the Mountain,Mobility Boots,Zeke's Convergence,Control Ward,Cloth Armor,Kindlegem,Oracle Lens,Aftershock,NaN,,,FontOfLife,NaN,,,BonePlating,NaN,,,Overgrowth,NaN,,,CosmicInsight,,,,BiscuitDelivery,NaN,,,NaN,NaN,NaN,NaN,Leona,Ignite,Flash,DUO_SUPPORT,BOTTOM
Asura,Riftmaker,Zhonya's Hourglass,Lich Bane,Sorcerer's Shoes,Void Staff,Giant's Belt,Poro-Snax,Electrocute,NaN,,,TasteOfBlood,NaN,,,EyeballCollection,NaN,,,RavenousHunter,NaN,NaN,,Triumph,NaN,NaN,,CoupDeGrace,NaN,,,NaN,NaN,NaN,NaN,Akali,Flash,Mark,DUO_SUPPORT,NONE
Asura,Null-Magic Mantle,Null-Magic Mantle,Null-Magic Mantle,Null-Magic Mantle,Null-Magic Mantle,Null-Magic Mantle,Poro-Snax,Electrocute,NaN,,,CheapShot,NaN,,,EyeballCollection,NaN,,,RavenousHunter,NaN,NaN,,PresenceOfMind,NaN,,,CoupDeGrace,NaN,,,NaN,NaN,NaN,NaN,Ahri,Flash,Ignite,DUO_SUPPORT,NONE
SofM,Hextech Rocketbelt,Sorcerer's Shoes,Zhonya's Hourglass,NaN,Sheen,Ruby Crystal,Oracle Lens,Conqueror,NaN,,,PresenceOfMind,NaN,NaN,,LegendTenacity,NaN,NaN,,LastStand,NaN,,,SuddenImpact,NaN,,,RavenousHunter,NaN,NaN,,NaN,NaN,NaN,NaN,Sylas,Smite,Flash,NONE,JUNGLE
SofM,Zhonya's Hourglass,Sorcerer's Shoes,Lich Bane,NaN,NaN,NaN,Oracle Lens,Predator,NaN,,,CheapShot,NaN,,,EyeballCollection,NaN,,,IngeniousHunter,NaN,NaN,,PerfectTiming,,,,CosmicInsight,,,,NaN,NaN,NaN,NaN,Gragas,Smite,Flash,NONE,JUNGLE
Mala,Liandry's Anguish,Sorcerer's Shoes,Demonic Embrace,Rabadon's Deathcap,Void Staff,Oblivion Orb,Poro-Snax,DarkHarvest,NaN,NaN,,SuddenImpact,NaN,,,EyeballCollection,NaN,,,UltimateHunter,NaN,,,PresenceOfMind,NaN,,,CoupDeGrace,NaN,,,NaN,NaN,NaN,NaN,Shaco,Flash,Mark,SOLO,BOTTOM
Mala,Mercury's Treads,Goredrinker,Serrated Dirk,Maw of Malmortius,NaN,NaN,Poro-Snax,Electrocute,NaN,,,SuddenImpact,NaN,,,EyeballCollection,NaN,,,RavenousHunter,NaN,NaN,,PresenceOfMind,NaN,,,CoupDeGrace,NaN,,,NaN,NaN,NaN,NaN,Jarvan IV,Flash,Mark,DUO_SUPPORT,NONE
Maestro,Executioner's Calling,Refillable Potion,Caulfield's Warhammer,Eclipse,Boots of Swiftness,The Collector,Stealth Ward,FleetFootwork,NaN,,,Overheal,NaN,NaN,,LegendAlacrity,NaN,NaN,,CoupDeGrace,NaN,,,Transcendence,NaN,,,NimbusCloak,NaN,,,NaN,NaN,NaN,NaN,Senna,Flash,Smite,DUO_SUPPORT,NONE
Maestro,Immortal Shieldbow,Refillable Potion,Berserker's Greaves,Infinity Edge,Zeal,NaN,Stealth Ward,Conqueror,NaN,,,Triumph,NaN,NaN,,LegendAlacrity,,,,CoupDeGrace,NaN,,,UltimateHunter,NaN,,,TasteOfBlood,NaN,,,NaN,NaN,NaN,NaN,Yasuo,Flash,Ignite,DUO,NONE
Flandre,Banshee's Veil,Doran's Ring,NaN,Amplifying Tome,Slightly Magical Footwear,Blasting Wand,Stealth Ward,SummonAery,NaN,NaN,,ManaflowBand,NaN,NaN,,Transcendence,NaN,,,GatheringStorm,NaN,,,MinionDematerializer,NaN,,,MagicalFootwear,NaN,NaN,,NaN,NaN,NaN,NaN,Orianna,Flash,Barrier,SOLO,TOP
Flandre,NaN,Zhonya's Hourglass,Sorcerer's Shoes,Blasting Wand,Rabadon's Deathcap,Doran's Ring,Stealth Ward,ArcaneComet,NaN,,,ManaflowBand,NaN,NaN,,Transcendence,NaN,,,GatheringStorm,NaN,,,MinionDematerializer,NaN,,,MagicalFootwear,NaN,NaN,NaN,NaN,NaN,NaN,NaN,Lux,Flash,Barrier,SOLO,MIDDLE
Haro,NaN,Sorcerer's Shoes,NaN,Lost Chapter,Rabadon's Deathcap,NaN,Stealth Ward,ArcaneComet,NaN,,,NullifyingOrb,NaN,,,Transcendence,NaN,,,GatheringStorm,NaN,,,EyeballCollection,NaN,,,RelentlessHunter,NaN,NaN,,NaN,NaN,NaN,NaN,Ryze,Ignite,Flash,DUO_SUPPORT,NONE
Haro,Sorcerer's Shoes,Hextech Rocketbelt,Zhonya's Hourglass,Rylai's Crystal Scepter,NaN,NaN,Stealth Ward,Electrocute,NaN,,,SuddenImpact,NaN,,,EyeballCollection,NaN,,,RavenousHunter,NaN,NaN,,Conditioning,NaN,NaN,NaN,Overgrowth,NaN,,,NaN,NaN,NaN,NaN,Sona,Ignite,Flash,DUO_SUPPORT,NONE
Scout,Doran's Ring,Health Potion,NaN,Boots,NaN,NaN,Stealth Ward,NaN,Lux,Ghost,Heal,DUO,NONE
Scout,NaN,Boots,Amplifying Tome,NaN,NaN,NaN,Stealth Ward,NaN,Lux,Ghost,Heal,DUO,NONE
Hope,Infinity Edge,Immortal Shieldbow,Runaan's Hurricane,Bloodthirster,Mortal Reminder,Berserker's Greaves,Poro-Snax,LethalTempo,NaN,,,Triumph,NaN,NaN,,LegendAlacrity,NaN,NaN,,CoupDeGrace,NaN,,,TasteOfBlood,NaN,,,EyeballCollection,NaN,,,NaN,NaN,NaN,NaN,Kindred,Flash,Heal,DUO,TOP
Hope,Guardian's Hammer,Immortal Shieldbow,Rapid Firecannon,Infinity Edge,Vampiric Scepter,Berserker's Greaves,Poro-Snax,LethalTempo,NaN,NaN,,Triumph,NaN,NaN,,LegendAlacrity,NaN,NaN,,CoupDeGrace,NaN,,,TasteOfBlood,NaN,,,EyeballCollection,NaN,,,NaN,NaN,NaN,NaN,Jhin,Flash,Clarity,DUO_SUPPORT,NONE
Maple,Doran's Ring,NaN,Blasting Wand,Sorcerer's Shoes,Doran's Ring,Oblivion Orb,Stealth Ward,Electrocute,NaN,,,CheapShot,NaN,,,EyeballCollection,NaN,,,RavenousHunter,NaN,NaN,,Transcendence,,,,ManaflowBand,NaN,NaN,,NaN,NaN,NaN,NaN,Karthus,Teleport,Flash,SOLO,TOP
Maple,Edge of Night,Youmuu's Ghostblade,Tiamat,Refillable Potion,NaN,Mobility Boots,Stealth Ward,Electrocute,NaN,,,TasteOfBlood,NaN,,,EyeballCollection,NaN,,,UltimateHunter,NaN,,,AbsoluteFocus,NaN,NaN,,Scorch,NaN,,,NaN,NaN,NaN,NaN,Talon,Ignite,Flash,SOLO,MIDDLE
SwordArt,Seraph's Embrace,Riftmaker,Ionian Boots of Lucidity,Rabadon's Deathcap,Cosmic Drive,Void Staff,Poro-Snax,PhaseRush,NaN,,,ManaflowBand,NaN,NaN,,Transcendence,NaN,,,GatheringStorm,NaN,,,TasteOfBlood,NaN,,,RavenousHunter,NaN,NaN,,NaN,NaN,NaN,NaN,Ryze,Heal,Flash,DUO,MIDDLE
SwordArt,Mercury's Treads,Luden's Tempest,Refillable Potion,Tear of the Goddess,Doran's Ring,Needlessly Large Rod,Farsight Alteration,PhaseRush,NaN,,,ManaflowBand,NaN,NaN,,Transcendence,NaN,,,GatheringStorm,NaN,,,MagicalFootwear,NaN,NaN,,BiscuitDelivery,NaN,,,NaN,NaN,NaN,NaN,Orianna,Teleport,Flash,SOLO,MIDDLE
XiaoAL,Sorcerer's Shoes,Zhonya's Hourglass,Morellonomicon,Shard of True Ice,NaN,Rylai's Crystal Scepter,Oracle Lens,MasterKey,NaN,NaN,NaN,PerfectTiming,,,,BiscuitDelivery,NaN,,,TimeWarpTonic,NaN,NaN,NaN,ManaflowBand,NaN,NaN,,Scorch,NaN,,,NaN,NaN,NaN,NaN,Morgana,Flash,Heal,DUO_SUPPORT,BOTTOM
XiaoAL,NaN,Zhonya's Hourglass,Hextech Rocketbelt,Amplifying Tome,Blasting Wand,Mercury's Treads,Oracle Lens,Conqueror,NaN,,,PresenceOfMind,NaN,NaN,,LegendTenacity,NaN,NaN,,LastStand,NaN,,,BiscuitDelivery,NaN,,,TimeWarpTonic,NaN,NaN,NaN,NaN,NaN,NaN,NaN,Sylas,Flash,Ignite,SOLO,MIDDLE
Wink,Lich Bane,Corrupting Potion,Dark Seal,Lost Chapter,Sorcerer's Shoes,Blasting Wand,Stealth Ward,UnsealedSpellbook,NaN,,,MagicalFootwear,NaN,,,MinionDematerializer,NaN,,,TimeWarpTonic,NaN,NaN,NaN,NimbusCloak,NaN,,,Celerity,NaN,,,NaN,NaN,NaN,NaN,Twisted Fate,Flash,Teleport,SOLO,MIDDLE
Wink,Corrupting Potion,Phage,Doran's Shield,Plated Steelcaps,NaN,Control Ward,Stealth Ward,Conqueror,NaN,,,Triumph,NaN,NaN,,LegendTenacity,,,,CoupDeGrace,NaN,,,Unflinching,,,,Demolish,NaN,,,NaN,NaN,NaN,NaN,Yorick,Flash,Teleport,DUO_SUPPORT,NONE
Karsa,Seraph's Embrace,Everfrost,Sorcerer's Shoes,Needlessly Large Rod,NaN,NaN,Stealth Ward,ArcaneComet,NaN,,,ManaflowBand,NaN,NaN,,Transcendence,NaN,,,Scorch,NaN,,,Triumph,NaN,NaN,,CoupDeGrace,NaN,,,NaN,NaN,NaN,NaN,Anivia,Ignite,Flash,DUO_CARRY,MIDDLE
Karsa,Rabadon's Deathcap,Everfrost,Sorcerer's Shoes,Horizon Focus,NaN,NaN,Stealth Ward,ArcaneComet,NaN,,,ManaflowBand,NaN,NaN,,Celerity,NaN,,,Scorch,NaN,,,Triumph,NaN,NaN,,CoupDeGrace,NaN,,,NaN,NaN,NaN,NaN,Neeko,Ignite,Flash,SOLO,MIDDLE
Xiaopeng,NaN,Refillable Potion,NaN,NaN,NaN,NaN,Oracle Lens,Conqueror,,,,Triumph,,,,LegendAlacrity,,,,CoupDeGrace,NaN,,,TasteOfBlood,NaN,,,RavenousHunter,NaN,,,NaN,NaN,NaN,NaN,Master Yi,Flash,Smite,DUO_SUPPORT,NONE
Xiaopeng,Trinity Force,Plated Steelcaps,Youmuu's Ghostblade,NaN,Ruby Crystal,NaN,Stealth Ward,GraspOfTheUndying,NaN,NaN,,Demolish,NaN,,,BonePlating,NaN,,,Overgrowth,NaN,,,ManaflowBand,NaN,NaN,,GatheringStorm,NaN,,,NaN,NaN,NaN,NaN,Gangplank,Flash,Ignite,NONE,JUNGLE
Twila,NaN,NaN,NaN,NaN,NaN,NaN,NaN,NaN,Miss Fortune,Ghost,Heal,NONE,NONE
Mark,Kraken Slayer,Berserker's Greaves,Quicksilver Sash,Infinity Edge,NaN,Runaan's Hurricane,NaN,LethalTempo,NaN,NaN,,PresenceOfMind,NaN,,,LegendBloodline,NaN,NaN,,CoupDeGrace,NaN,,,NimbusCloak,NaN,,,GatheringStorm,NaN,,,NaN,NaN,NaN,NaN,Jinx,Flash,Heal,DUO_SUPPORT,MIDDLE
Mark,Demonic Embrace,Mercury's Treads,Zhonya's Hourglass,Liandry's Anguish,Giant's Belt,Amplifying Tome,Oracle Lens,DarkHarvest,NaN,NaN,,CheapShot,NaN,,,EyeballCollection,NaN,,,RavenousHunter,NaN,NaN,,MagicalFootwear,NaN,,,CosmicInsight,,,,NaN,NaN,NaN,NaN,Lillia,Flash,Smite,NONE,JUNGLE
Mystic,Mercury's Treads,Trinity Force,Tiamat,NaN,Corrupting Potion,Executioner's Calling,Stealth Ward,Conqueror,NaN,NaN,NaN,Triumph,NaN,NaN,,LegendAlacrity,NaN,NaN,,CoupDeGrace,NaN,,,BiscuitDelivery,NaN,,,TimeWarpTonic,NaN,NaN,NaN,NaN,NaN,NaN,NaN,Irelia,Flash,Teleport,SOLO,TOP
Mystic,Berserker's Greaves,Infinity Edge,NaN,Rapid Firecannon,Bloodthirster,B. F. Sword,Stealth Ward,PressTheAttack,NaN,NaN,NaN,Overheal,NaN,NaN,,LegendBloodline,NaN,NaN,,CoupDeGrace,NaN,,,MagicalFootwear,NaN,,,BiscuitDelivery,NaN,,,NaN,NaN,NaN,NaN,Tristana,Flash,Heal,DUO_CARRY,BOTTOM
Magic,Banshee's Veil,Luden's Tempest,Zhonya's Hourglass,Dark Seal,NaN,Sorcerer's Shoes,Oracle Lens,DarkHarvest,NaN,NaN,,CheapShot,NaN,,,EyeballCollection,NaN,,,RavenousHunter,NaN,NaN,,Waterwalking,NaN,,,NimbusCloak,NaN,,,NaN,NaN,NaN,NaN,Taliyah,Flash,Smite,NONE,JUNGLE
Magic,The Collector,Infinity Edge,Immortal Shieldbow,Lord Dominik's Regards,Bloodthirster,Berserker's Greaves,Stealth Ward,Conqueror,NaN,,,PresenceOfMind,NaN,,,LegendBloodline,NaN,NaN,,CoupDeGrace,NaN,,,RavenousHunter,NaN,NaN,,TasteOfBlood,NaN,,,NaN,NaN,NaN,NaN,Samira,Flash,Exhaust,DUO,MIDDLE
Chen9,Turbo Chemtank,Bulwark of the Mountain,Refillable Potion,Mobility Boots,Dead Man's Plate,Giant's Belt,Oracle Lens,Aftershock,NaN,,,Demolish,NaN,,,BonePlating,NaN,,,Overgrowth,NaN,,,NullifyingOrb,NaN,,,Waterwalking,NaN,NaN,,NaN,NaN,NaN,NaN,Blitzcrank,Flash,Ignite,DUO_SUPPORT,BOTTOM
Chen9,Shurelya's Battlesong,Pauldrons of Whiterock,Refillable Potion,Boots of Swiftness,Kindlegem,NaN,Oracle Lens,Aftershock,NaN,,,Demolish,NaN,,,BonePlating,NaN,,,Overgrowth,NaN,,,NullifyingOrb,NaN,,,Waterwalking,NaN,NaN,,NaN,NaN,NaN,NaN,Blitzcrank,Flash,Ignite,DUO_SUPPORT,BOTTOM
Missing,Corrupting Potion,Doran's Ring,Doran's Ring,Sorcerer's Shoes,Liandry's Anguish,Fiendish Codex,Stealth Ward,DarkHarvest,NaN,NaN,,TasteOfBlood,NaN,,,EyeballCollection,NaN,,,UltimateHunter,NaN,,,PresenceOfMind,NaN,,,CoupDeGrace,NaN,,,NaN,NaN,NaN,NaN,Brand,Exhaust,Flash,SOLO,MIDDLE
Missing,Goredrinker,Black Cleaver,Refillable Potion,Plated Steelcaps,Guardian Angel,Spectre's Cowl,Stealth Ward,Electrocute,NaN,,,SuddenImpact,NaN,,,EyeballCollection,NaN,,,UltimateHunter,NaN,,,Triumph,NaN,NaN,,CoupDeGrace,NaN,,,NaN,NaN,NaN,NaN,Jarvan IV,Smite,Flash,NONE,JUNGLE
Poss,Tear of the Goddess,Riftmaker,Lich Bane,Sapphire Crystal,Seeker's Armguard,Plated Steelcaps,Oracle Lens,Electrocute,NaN,,,TasteOfBlood,NaN,,,EyeballCollection,NaN,,,RavenousHunter,NaN,NaN,,PresenceOfMind,NaN,,,CoupDeGrace,NaN,,,NaN,NaN,NaN,NaN,Kassadin,Flash,Ignite,SOLO,MIDDLE
Poss,Ravenous Hydra,Hexdrinker,Kraken Slayer,Blade of The Ruined King,Doran's Blade,Mercury's Treads,Oracle Lens,Conqueror,NaN,,,Triumph,NaN,NaN,,LegendBloodline,NaN,NaN,,CoupDeGrace,NaN,,,SuddenImpact,NaN,,,RavenousHunter,NaN,NaN,,NaN,NaN,NaN,NaN,Katarina,Flash,Ignite,SOLO,MIDDLE
Pepper,Chemtech Putrifier,Sorcerer's Shoes,Blasting Wand,Horizon Focus,Amplifying Tome,Giant's Belt,Poro-Snax,ArcaneComet,NaN,,,ManaflowBand,NaN,NaN,,Transcendence,NaN,,,Scorch,NaN,,,TasteOfBlood,NaN,,,RavenousHunter,NaN,NaN,,NaN,NaN,NaN,NaN,Karma,Barrier,Mark,DUO_SUPPORT,NONE
Pepper,Zhonya's Hourglass,NaN,Sorcerer's Shoes,Needlessly Large Rod,NaN,Doran's Ring,Stealth Ward,ArcaneComet,NaN,,,ManaflowBand,NaN,NaN,,Transcendence,,,,Scorch,NaN,,,TasteOfBlood,NaN,,,RavenousHunter,NaN,NaN,,NaN,NaN,NaN,NaN,Cho'Gath,Ignite,Flash,DUO,MIDDLE
Corn,Dark Seal,Zhonya's Hourglass,Sorcerer's Shoes,NaN,Oblivion Orb,Blasting Wand,Stealth Ward,ArcaneComet,NaN,,,ManaflowBand,NaN,NaN,,Transcendence,,,,Scorch,NaN,,,SuddenImpact,NaN,,,RelentlessHunter,NaN,NaN,,NaN,NaN,NaN,NaN,LeBlanc,Ignite,Flash,SOLO,MIDDLE
Corn,Seraph's Embrace,Zhonya's Hourglass,NaN,Sorcerer's Shoes,Rabadon's Deathcap,Blasting Wand,Poro-Snax,ArcaneComet,NaN,,,ManaflowBand,NaN,NaN,,Transcendence,,,,Scorch,NaN,,,Triumph,NaN,NaN,,CoupDeGrace,NaN,,,NaN,NaN,NaN,NaN,Malphite,Heal,Flash,DUO_SUPPORT,MIDDLE
Ley,Guardian's Hammer,Prowler's Claw,Plated Steelcaps,Serrated Dirk,Black Cleaver,Maw of Malmortius,Poro-Snax,LethalTempo,NaN,NaN,,Triumph,NaN,NaN,,LegendAlacrity,NaN,NaN,,CoupDeGrace,NaN,,,EyeballCollection,NaN,,,RavenousHunter,NaN,NaN,,NaN,NaN,NaN,NaN,Nocturne,Flash,Mark,DUO_SUPPORT,TOP
Ley,Divine Sunderer,Refillable Potion,Plated Steelcaps,Black Cleaver,Recurve Bow,Vampiric Scepter,Stealth Ward,Electrocute,NaN,,,SuddenImpact,NaN,,,EyeballCollection,NaN,,,RavenousHunter,NaN,NaN,,ShieldBash,NaN,,,Overgrowth,NaN,,,NaN,NaN,NaN,NaN,Vi,Flash,Smite,NONE,JUNGLE
Jinoo,Sorcerer's Shoes,Refillable Potion,Luden's Tempest,Demonic Embrace,Lich Bane,NaN,Stealth Ward,ArcaneComet,NaN,,,ManaflowBand,NaN,NaN,,Transcendence,NaN,,,GatheringStorm,NaN,,,EyeballCollection,NaN,,,RelentlessHunter,NaN,NaN,,NaN,NaN,NaN,NaN,Teemo,Flash,Smite,DUO_SUPPORT,NONE
Jinoo,Sunfire Aegis,Refillable Potion,Mercury's Treads,Thornmail,Gargoyle Stoneplate,NaN,Stealth Ward,Conqueror,NaN,,,Triumph,NaN,NaN,,LegendTenacity,NaN,NaN,,LastStand,NaN,,,CheapShot,NaN,,,RavenousHunter,NaN,NaN,,NaN,NaN,NaN,NaN,Amumu,Flash,Smite,DUO_SUPPORT,NONE
Puff,Pauldrons of Whiterock,NaN,Locket of the Iron Solari,NaN,Mobility Boots,Giant's Belt,Oracle Lens,Aftershock,NaN,,,Demolish,NaN,,,BonePlating,NaN,,,Overgrowth,NaN,,,Triumph,NaN,NaN,,LegendTenacity,NaN,,,NaN,NaN,NaN,NaN,Thresh,Ignite,Flash,DUO_SUPPORT,BOTTOM
Puff,Titanic Hydra,NaN,Sterak's Gage,Mercury's Treads,Guinsoo's Rageblade,Trinity Force,Poro-Snax,Conqueror,NaN,,,Triumph,NaN,NaN,,LegendAlacrity,NaN,NaN,,CoupDeGrace,NaN,,,SuddenImpact,NaN,,,RavenousHunter,NaN,NaN,,NaN,NaN,NaN,NaN,Jax,Mark,Flash,DUO,TOP
Jay,Sterak's Gage,Plated Steelcaps,Chain Vest,Caulfield's Warhammer,NaN,Tiamat,Stealth Ward,HailOfBlades,NaN,NaN,,SuddenImpact,NaN,,,EyeballCollection,NaN,,,RelentlessHunter,NaN,NaN,,CoupDeGrace,NaN,,,Triumph,NaN,NaN,,NaN,NaN,NaN,NaN,Vi,Flash,Smite,NONE,JUNGLE
Jay,Trinity Force,Plated Steelcaps,Death's Dance,Guardian Angel,Edge of Night,Last Whisper,Stealth Ward,HailOfBlades,NaN,NaN,,SuddenImpact,NaN,,,EyeballCollection,NaN,,,RelentlessHunter,NaN,NaN,,CoupDeGrace,NaN,,,Triumph,NaN,NaN,,NaN,NaN,NaN,NaN,Vi,Flash,Smite,NONE,JUNGLE
Bvoy,Titanic Hydra,Mercury's Treads,Trinity Force,Sterak's Gage,NaN,NaN,Stealth Ward,DarkHarvest,NaN,NaN,NaN,SuddenImpact,NaN,,,EyeballCollection,NaN,,,RavenousHunter,NaN,NaN,,LegendAlacrity,NaN,,,CutDown,NaN,,,NaN,NaN,NaN,NaN,Sett,Ignite,Flash,DUO,NONE
Bvoy,Blade of The Ruined King,Muramana,Trinity Force,Berserker's Greaves,Mortal Reminder,Lich Bane,Stealth Ward,DarkHarvest,NaN,NaN,NaN,SuddenImpact,NaN,,,EyeballCollection,NaN,,,RavenousHunter,NaN,NaN,,Scorch,NaN,,,AbsoluteFocus,NaN,NaN,,NaN,NaN,NaN,NaN,Ezreal,Barrier,Flash,DUO,TOP
Aris,NaN,Berserker's Greaves,Edge of Night,Youmuu's Ghostblade,Sanguine Blade,Umbral Glaive,Stealth Ward,Electrocute,NaN,,,TasteOfBlood,NaN,,,EyeballCollection,NaN,,,RavenousHunter,NaN,NaN,,Triumph,NaN,NaN,,CoupDeGrace,NaN,,,NaN,NaN,NaN,NaN,Jinx,Barrier,Flash,SOLO,BOTTOM
Aris,Berserker's Greaves,NaN,Serrated Dirk,Youmuu's Ghostblade,Long Sword,NaN,Stealth Ward,Electrocute,NaN,,,TasteOfBlood,NaN,,,EyeballCollection,NaN,,,RavenousHunter,NaN,NaN,,Triumph,NaN,NaN,,CoupDeGrace,NaN,,,NaN,NaN,NaN,NaN,Jinx,Barrier,Flash,DUO_SUPPORT,NONE
WeiWei,Goredrinker,Spirit Visage,Mercury's Treads,Black Cleaver,Death's Dance,Sterak's Gage,Poro-Snax,Conqueror,NaN,,,Triumph,NaN,NaN,,LegendAlacrity,NaN,NaN,,LastStand,NaN,,,NimbusCloak,NaN,,,Transcendence,NaN,,,NaN,NaN,NaN,NaN,Darius,Mark,Flash,DUO_SUPPORT,MIDDLE
WeiWei,Luden's Tempest,Mercury's Treads,Doran's Ring,Seraph's Embrace,Morellonomicon,NaN,Stealth Ward,PhaseRush,NaN,,,ManaflowBand,NaN,NaN,,Transcendence,NaN,,,GatheringStorm,NaN,,,MagicalFootwear,NaN,NaN,NaN,BiscuitDelivery,NaN,,,NaN,NaN,NaN,NaN,Orianna,Teleport,Flash,SOLO,MIDDLE
Dhokla,Refillable Potion,Sorcerer's Shoes,Luden's Tempest,Seraph's Embrace,Morellonomicon,Needlessly Large Rod,Poro-Snax,LethalTempo,NaN,NaN,,PresenceOfMind,NaN,,,LegendAlacrity,NaN,NaN,,CoupDeGrace,NaN,,,Transcendence,NaN,,,Scorch,NaN,,,NaN,NaN,NaN,NaN,Ryze,Barrier,Flash,DUO_SUPPORT,NONE
Dhokla,The Collector,Kraken Slayer,Dagger,Refillable Potion,Lord Dominik's Regards,NaN,Poro-Snax,DarkHarvest,NaN,NaN,,CheapShot,NaN,,,EyeballCollection,NaN,,,UltimateHunter,NaN,,,LegendAlacrity,NaN,NaN,,CoupDeGrace,NaN,,,NaN,NaN,NaN,NaN,Miss Fortune,Barrier,Flash,DUO,NONE
Meteos,Liandry's Anguish,Sorcerer's Shoes,Nashor's Tooth,Needlessly Large Rod,NaN,NaN,Poro-Snax,DarkHarvest,NaN,NaN,,CheapShot,NaN,,,EyeballCollection,NaN,,,RavenousHunter,NaN,NaN,,AbsoluteFocus,NaN,,,GatheringStorm,NaN,,,NaN,NaN,NaN,NaN,Teemo,Exhaust,Flash,DUO_SUPPORT,NONE
Meteos,Sunfire Aegis,Zeke's Convergence,Refillable Potion,Plated Steelcaps,Bramble Vest,Giant's Belt,Poro-Snax,Aftershock,NaN,,,FontOfLife,NaN,,,BonePlating,NaN,,,Overgrowth,NaN,,,TimeWarpTonic,NaN,NaN,NaN,BiscuitDelivery,NaN,,,NaN,NaN,NaN,NaN,Braum,Exhaust,Flash,DUO_SUPPORT,NONE
Arrow,Luden's Tempest,Sorcerer's Shoes,Seraph's Embrace,Rabadon's Deathcap,Oblivion Orb,Ruby Crystal,Poro-Snax,Electrocute,NaN,,,TasteOfBlood,NaN,,,EyeballCollection,NaN,,,UltimateHunter,NaN,,,CoupDeGrace,NaN,,,Triumph,NaN,NaN,,NaN,NaN,NaN,NaN,Orianna,Mark,Flash,DUO_SUPPORT,NONE
Arrow,Liandry's Anguish,Mercury's Treads,Demonic Embrace,Thornmail,Force of Nature,NaN,Poro-Snax,DarkHarvest,NaN,NaN,,TasteOfBlood,NaN,,,EyeballCollection,NaN,,,RavenousHunter,NaN,NaN,,CoupDeGrace,NaN,,,Triumph,NaN,NaN,,NaN,NaN,NaN,NaN,Singed,Mark,Ghost,SOLO,TOP
Big,Tear of the Goddess,NaN,NaN,NaN,NaN,NaN,Stealth Ward,Conqueror,,,,PresenceOfMind,,,,LegendBloodline,,,,CoupDeGrace,,,,ManaflowBand,,,,Scorch,,,,NaN,NaN,NaN,NaN,Ezreal,Heal,Flash,DUO_SUPPORT,BOTTOM
Big,Bloodthirster,Kraken Slayer,Berserker's Greaves,Guinsoo's Rageblade,Blade of The Ruined King,NaN,Farsight Alteration,PressTheAttack,NaN,NaN,NaN,Triumph,NaN,NaN,,LegendAlacrity,NaN,NaN,,CoupDeGrace,NaN,,,TasteOfBlood,NaN,,,RavenousHunter,NaN,NaN,,NaN,NaN,NaN,NaN,Vayne,Heal,Flash,DUO,MIDDLE
Special,Ravenous Hydra,Trinity Force,Plated Steelcaps,Blade of The Ruined King,Warden's Mail,Kindlegem,Stealth Ward,Conqueror,NaN,,,PresenceOfMind,NaN,,,LegendBloodline,NaN,NaN,,CoupDeGrace,NaN,,,BiscuitDelivery,NaN,,,TimeWarpTonic,NaN,NaN,NaN,NaN,NaN,NaN,NaN,Irelia,Teleport,Flash,SOLO,TOP
Special,Berserker's Greaves,Sanguine Blade,Immortal Shieldbow,Runaan's Hurricane,B. F. Sword,NaN,Stealth Ward,HailOfBlades,NaN,NaN,,TasteOfBlood,NaN,,,GhostPoro,NaN,NaN,NaN,RavenousHunter,NaN,NaN,,CoupDeGrace,NaN,,,PresenceOfMind,NaN,,,NaN,NaN,NaN,NaN,Kalista,Exhaust,Flash,SOLO,MIDDLE
Finn,Sunfire Aegis,Mercury's Treads,Spirit Visage,Warmog's Armor,Sterak's Gage,Cloth Armor,Poro-Snax,Aftershock,NaN,,,FontOfLife,NaN,,,Conditioning,NaN,NaN,NaN,Overgrowth,NaN,,,LegendTenacity,NaN,NaN,,Triumph,NaN,NaN,,NaN,NaN,NaN,NaN,Rell,Flash,Mark,DUO_SUPPORT,TOP
Finn,Immortal Shieldbow,Mercurial Scimitar,Infinity Edge,The Collector,Bloodthirster,Lord Dominik's Regards,Poro-Snax,Conqueror,NaN,,,PresenceOfMind,NaN,,,LegendBloodline,NaN,NaN,,CoupDeGrace,NaN,,,RavenousHunter,NaN,NaN,,TasteOfBlood,NaN,,,NaN,NaN,NaN,NaN,Samira,Flash,Mark,DUO,MIDDLE
Vander,Mobility Boots,NaN,NaN,NaN,NaN,NaN,Stealth Ward,GraspOfTheUndying,NaN,NaN,,Demolish,,,,SecondWind,NaN,,,Overgrowth,NaN,,,NullifyingOrb,NaN,,,Scorch,NaN,,,NaN,NaN,NaN,NaN,Blitzcrank,Flash,Exhaust,DUO_SUPPORT,NONE
Punch,Infinity Edge,Eclipse,Mercury's Treads,The Collector,Rapid Firecannon,NaN,Stealth Ward,FleetFootwork,NaN,,,Overheal,NaN,NaN,,LegendBloodline,NaN,NaN,,CoupDeGrace,NaN,,,Celerity,NaN,,,GatheringStorm,NaN,,,NaN,NaN,NaN,NaN,Jhin,Heal,Flash,DUO,MIDDLE
Punch,Seraph's Embrace,Luden's Tempest,Zhonya's Hourglass,Guardian's Orb,Sorcerer's Shoes,NaN,Poro-Snax,DarkHarvest,NaN,NaN,,SuddenImpact,NaN,,,EyeballCollection,NaN,,,RavenousHunter,NaN,NaN,,Transcendence,NaN,,,ManaflowBand,NaN,NaN,,NaN,NaN,NaN,NaN,Zoe,Mark,Flash,DUO_SUPPORT,MIDDLE
Aries,Bulwark of the Mountain,Locket of the Iron Solari,Mobility Boots,Bramble Vest,Crystalline Bracer,Cloth Armor,Oracle Lens,Aftershock,NaN,,,ShieldBash,NaN,,,BonePlating,NaN,,,Unflinching,NaN,,,BiscuitDelivery,NaN,,,CosmicInsight,,,,NaN,NaN,NaN,NaN,Nautilus,Flash,Exhaust,DUO_SUPPORT,BOTTOM
Aries,Shard of True Ice,Vigilant Wardstone,Ardent Censer,Cloth Armor,Mobility Boots,Imperial Mandate,Oracle Lens,ArcaneComet,NaN,,,ManaflowBand,NaN,NaN,,Celerity,NaN,,,Scorch,NaN,,,TasteOfBlood,NaN,,,RelentlessHunter,NaN,NaN,,NaN,NaN,NaN,NaN,Janna,Flash,Exhaust,DUO_SUPPORT,BOTTOM
Rock,Doran's Blade,Immortal Shieldbow,Berserker's Greaves,Infinity Edge,Dagger,Cloak of Agility,Stealth Ward,Conqueror,NaN,,,Overheal,NaN,NaN,,LegendBloodline,NaN,NaN,,CoupDeGrace,NaN,,,SuddenImpact,NaN,,,RavenousHunter,NaN,NaN,,NaN,NaN,NaN,NaN,Yasuo,Teleport,Flash,DUO,NONE
Rock,Tear of the Goddess,Leeching Leer,Amplifying Tome,Blasting Wand,NaN,NaN,Stealth Ward,PhaseRush,NaN,,,ManaflowBand,NaN,NaN,,Transcendence,,,,GatheringStorm,NaN,,,RavenousHunter,NaN,,,TasteOfBlood,NaN,,,NaN,NaN,NaN,NaN,Cassiopeia,Exhaust,Flash,DUO,NONE
West,Guardian's Blade,Prowler's Claw,Youmuu's Ghostblade,Edge of Night,Ionian Boots of Lucidity,NaN,Poro-Snax,Electrocute,NaN,,,SuddenImpact,NaN,,,EyeballCollection,NaN,,,UltimateHunter,NaN,,,Transcendence,NaN,,,NimbusCloak,NaN,,,NaN,NaN,NaN,NaN,Zed,Mark,Flash,DUO_SUPPORT,NONE
West,Rabadon's Deathcap,Zhonya's Hourglass,Sorcerer's Shoes,Riftmaker,Lich Bane,NaN,Poro-Snax,FleetFootwork,NaN,,,Triumph,NaN,NaN,,LegendTenacity,NaN,NaN,,LastStand,NaN,,,RavenousHunter,NaN,NaN,,EyeballCollection,NaN,,,NaN,NaN,NaN,NaN,Akali,Mark,Flash,DUO_SUPPORT,MIDDLE
Caos,Luden's Tempest,Refillable Potion,Rabadon's Deathcap,Sorcerer's Shoes,NaN,NaN,Poro-Snax,DarkHarvest,NaN,NaN,,TasteOfBlood,NaN,,,EyeballCollection,NaN,,,RavenousHunter,NaN,NaN,,PresenceOfMind,NaN,,,CoupDeGrace,NaN,,,NaN,NaN,NaN,NaN,Taliyah,Flash,Ignite,DUO_SUPPORT,NONE
Caos,Thornmail,Gargoyle Stoneplate,Null-Magic Mantle,Frostfire Gauntlet,NaN,Plated Steelcaps,Oracle Lens,ArcaneComet,NaN,,,ManaflowBand,NaN,NaN,,Transcendence,NaN,,,Scorch,NaN,,,TimeWarpTonic,NaN,NaN,NaN,BiscuitDelivery,NaN,,,NaN,NaN,NaN,NaN,Malphite,Flash,Teleport,SOLO,TOP
Wei,Blade of The Ruined King,Serylda's Grudge,Chempunk Chainsword,Muramana,Ionian Boots of Lucidity,Divine Sunderer,NaN,DarkHarvest,NaN,NaN,,TasteOfBlood,NaN,,,EyeballCollection,NaN,,,RavenousHunter,NaN,NaN,,PresenceOfMind,NaN,,,CoupDeGrace,NaN,,,NaN,NaN,NaN,NaN,Ezreal,Flash,Mark,SOLO,MIDDLE
Wei,NaN,NaN,NaN,Liandry's Anguish,Boots,Demonic Embrace,NaN,DarkHarvest,NaN,NaN,,TasteOfBlood,NaN,,,EyeballCollection,NaN,,,RavenousHunter,NaN,NaN,,PresenceOfMind,NaN,,,CoupDeGrace,NaN,,,NaN,NaN,NaN,NaN,Karma,Flash,Mark,DUO_SUPPORT,NONE
Crush,Doran's Ring,Lost Chapter,NaN,Sorcerer's Shoes,Blasting Wand,NaN,Stealth Ward,PhaseRush,NaN,,,ManaflowBand,NaN,NaN,,Transcendence,,,,GatheringStorm,NaN,,,TasteOfBlood,NaN,,,RavenousHunter,NaN,NaN,,NaN,NaN,NaN,NaN,Viktor,Flash,Ignite,DUO_SUPPORT,NONE
Crush,Corrupting Potion,Zhonya's Hourglass,Hextech Rocketbelt,Sheen,Blasting Wand,Sorcerer's Shoes,Oracle Lens,Electrocute,NaN,,,SuddenImpact,NaN,,,EyeballCollection,NaN,,,RavenousHunter,NaN,NaN,,PresenceOfMind,NaN,,,CoupDeGrace,NaN,,,NaN,NaN,NaN,NaN,Fizz,Flash,Ignite,DUO,MIDDLE
Mitsuki,Doran's Ring,Frozen Heart,Rylai's Crystal Scepter,Seraph's Embrace,Sapphire Crystal,NaN,Stealth Ward,SummonAery,NaN,,,ManaflowBand,NaN,NaN,,Transcendence,NaN,,,Scorch,NaN,,,BiscuitDelivery,NaN,,,CosmicInsight,,,,NaN,NaN,NaN,NaN,Anivia,Flash,Smite,DUO_SUPPORT,NONE
Mitsuki,Horizon Focus,Rabadon's Deathcap,Ionian Boots of Lucidity,Dark Seal,Needlessly Large Rod,Void Staff,Stealth Ward,SummonAery,NaN,NaN,,ManaflowBand,NaN,NaN,,Transcendence,NaN,,,Scorch,NaN,,,BiscuitDelivery,NaN,,,CosmicInsight,,,,NaN,NaN,NaN,NaN,Lux,Flash,Exhaust,DUO_SUPPORT,NONE
Zeros,Guardian's Orb,Boots,Locket of the Iron Solari,Abyssal Mask,Fiendish Codex,Verdant Barrier,NaN,GraspOfTheUndying,NaN,NaN,,Demolish,NaN,,,SecondWind,NaN,,,Overgrowth,NaN,,,NullifyingOrb,NaN,,,Scorch,NaN,,,NaN,NaN,NaN,NaN,Braum,Mark,Heal,DUO_SUPPORT,NONE
Zeros,NaN,Boots,Blade of The Ruined King,Spirit Visage,B. F. Sword,Zeal,Stealth Ward,GraspOfTheUndying,NaN,NaN,,Demolish,NaN,,,SecondWind,NaN,,,Overgrowth,NaN,,,NullifyingOrb,NaN,,,Scorch,NaN,,,NaN,NaN,NaN,NaN,Trundle,Smite,Heal,DUO_SUPPORT,NONE
Meliodas,NaN,Luden's Tempest,Seraph's Embrace,Seeker's Armguard,Amplifying Tome,NaN,Stealth Ward,Electrocute,NaN,,,CheapShot,NaN,,,EyeballCollection,NaN,,,UltimateHunter,NaN,,,Triumph,NaN,NaN,,CoupDeGrace,NaN,,,NaN,NaN,NaN,NaN,Cassiopeia,Smite,Flash,DUO_SUPPORT,NONE
Meliodas,Seraph's Embrace,Zhonya's Hourglass,Luden's Tempest,Sorcerer's Shoes,Doran's Ring,Giant's Belt,Stealth Ward,DarkHarvest,NaN,NaN,,CheapShot,NaN,,,EyeballCollection,NaN,,,RavenousHunter,NaN,NaN,,Triumph,NaN,NaN,,CoupDeGrace,NaN,,,NaN,NaN,NaN,NaN,Malzahar,Heal,Flash,DUO_SUPPORT,NONE
Palette,Zhonya's Hourglass,Luden's Tempest,Sorcerer's Shoes,Guardian's Orb,Void Staff,Rabadon's Deathcap,Poro-Snax,DarkHarvest,NaN,NaN,,TasteOfBlood,NaN,,,EyeballCollection,NaN,,,RavenousHunter,NaN,NaN,,Triumph,NaN,NaN,,CoupDeGrace,NaN,,,NaN,NaN,NaN,NaN,Ziggs,Flash,Mark,DUO_SUPPORT,MIDDLE
Palette,Cloak of Agility,Infinity Edge,Berserker's Greaves,Rapid Firecannon,Noonquiver,Doran's Blade,Farsight Alteration,FleetFootwork,NaN,,,Overheal,NaN,NaN,,LegendBloodline,NaN,,,CoupDeGrace,NaN,,,GatheringStorm,NaN,,,NimbusCloak,NaN,,,NaN,NaN,NaN,NaN,Caitlyn,Flash,Cleanse,DUO_CARRY,BOTTOM
Mimic,Duskblade of Draktharr,Mercury's Treads,Serylda's Grudge,Sanguine Blade,Abyssal Mask,B. F. Sword,Poro-Snax,DarkHarvest,NaN,NaN,,CheapShot,NaN,,,EyeballCollection,NaN,,,RavenousHunter,NaN,NaN,,Triumph,NaN,NaN,,LegendBloodline,NaN,,,NaN,NaN,NaN,NaN,Wukong,Flash,Mark,DUO_SUPPORT,TOP
Mimic,Frostfire Gauntlet,Spirit Visage,Kindlegem,Boots of Swiftness,Crystalline Bracer,Ruby Crystal,Poro-Snax,SummonAery,NaN,,,ManaflowBand,NaN,NaN,,Transcendence,NaN,,,Scorch,NaN,,,EyeballCollection,NaN,,,CheapShot,NaN,,,NaN,NaN,NaN,NaN,Rammus,Flash,Mark,DUO_SUPPORT,NONE
BalKhan,Hextech Rocketbelt,NaN,Zhonya's Hourglass,Lich Bane,Sorcerer's Shoes,NaN,Oracle Lens,Conqueror,NaN,,,Triumph,NaN,NaN,,LegendTenacity,NaN,NaN,,LastStand,NaN,,,SuddenImpact,NaN,,,RavenousHunter,NaN,NaN,,NaN,NaN,NaN,NaN,Sylas,Smite,Flash,NONE,JUNGLE
BalKhan,NaN,Chain Vest,Broken Stopwatch,Plated Steelcaps,Sterak's Gage,NaN,Oracle Lens,HailOfBlades,NaN,NaN,,CheapShot,NaN,,,ZombieWard,NaN,NaN,,RelentlessHunter,NaN,NaN,,NimbusCloak,NaN,,,Waterwalking,NaN,NaN,,NaN,NaN,NaN,NaN,Rek'Sai,Smite,Flash,NONE,JUNGLE
FBI,Stridebreaker,Doran's Shield,Plated Steelcaps,Long Sword,NaN,NaN,Stealth Ward,Conqueror,NaN,,,Triumph,NaN,NaN,,LegendTenacity,,,,LastStand,NaN,,,SecondWind,NaN,,,Revitalize,NaN,NaN,,NaN,NaN,NaN,NaN,Sett,Flash,Teleport,SOLO,TOP
FBI,Sunfire Aegis,Mercury's Treads,Doran's Shield,Thornmail,Negatron Cloak,Giant's Belt,Stealth Ward,GraspOfTheUndying,NaN,NaN,,ShieldBash,NaN,,,SecondWind,NaN,,,Revitalize,NaN,NaN,,CheapShot,NaN,,,UltimateHunter,NaN,,,NaN,NaN,NaN,NaN,Shen,Flash,Teleport,SOLO,TOP
Rogue,Sorcerer's Shoes,Amplifying Tome,Night Harvester,Dark Seal,Horizon Focus,Rabadon's Deathcap,Oracle Lens,DarkHarvest,NaN,NaN,,SuddenImpact,NaN,,,EyeballCollection,NaN,,,RavenousHunter,NaN,NaN,,MagicalFootwear,NaN,NaN,NaN,CosmicInsight,,,,NaN,NaN,NaN,NaN,Nidalee,Smite,Flash,NONE,JUNGLE
Rogue,Guardian's Horn,Ravenous Hydra,Trinity Force,Plated Steelcaps,Sterak's Gage,Long Sword,Poro-Snax,Conqueror,NaN,,,PresenceOfMind,NaN,,,LegendTenacity,NaN,NaN,,CoupDeGrace,NaN,,,MagicalFootwear,NaN,NaN,,CosmicInsight,,,,NaN,NaN,NaN,NaN,Camille,Mark,Flash,DUO,TOP
Ruin,Berserker's Greaves,Blade of The Ruined King,Health Potion,Guinsoo's Rageblade,B. F. Sword,NaN,Stealth Ward,PressTheAttack,NaN,NaN,NaN,Overheal,NaN,NaN,,LegendAlacrity,NaN,NaN,,CoupDeGrace,NaN,,,NimbusCloak,NaN,,,GatheringStorm,NaN,,,NaN,NaN,NaN,NaN,Vayne,Teleport,Flash,SOLO,TOP
Ruin,Bloodthirster,NaN,Infinity Edge,Phantom Dancer,Berserker's Greaves,Lord Dominik's Regards,Stealth Ward,HailOfBlades,NaN,NaN,,TasteOfBlood,NaN,,,EyeballCollection,NaN,,,RavenousHunter,NaN,NaN,,MagicalFootwear,NaN,NaN,,BiscuitDelivery,NaN,,,NaN,NaN,NaN,NaN,Miss Fortune,Barrier,Flash,DUO_SUPPORT,MIDDLE
Kirei,NaN,NaN,Mejai's Soulstealer,Refillable Potion,Aether Wisp,Boots,Oracle Lens,ArcaneComet,NaN,,,ManaflowBand,NaN,NaN,,AbsoluteFocus,NaN,NaN,,GatheringStorm,NaN,,,EyeballCollection,NaN,,,RelentlessHunter,NaN,NaN,,NaN,NaN,NaN,NaN,Janna,Flash,Ignite,DUO_SUPPORT,NONE
Kirei,NaN,Refillable Potion,Boots,NaN,NaN,NaN,Stealth Ward,DarkHarvest,NaN,NaN,NaN,CheapShot,,,,EyeballCollection,NaN,,,RelentlessHunter,NaN,NaN,,CosmicInsight,,,,HextechFlashtraption,,,,NaN,NaN,NaN,NaN,Annie,Flash,Ignite,DUO_SUPPORT,NONE
Hades,Berserker's Greaves,Dead Man's Plate,Stormrazor,Stridebreaker,Mortal Reminder,Phage,Stealth Ward,Conqueror,NaN,,,Triumph,NaN,NaN,,LegendTenacity,NaN,,,LastStand,NaN,,,Conditioning,NaN,NaN,NaN,Overgrowth,NaN,,,NaN,NaN,NaN,NaN,Garen,Smite,Flash,NONE,JUNGLE
Hades,Berserker's Greaves,Duskblade of Draktharr,The Collector,Ravenous Hydra,B. F. Sword,Pickaxe,Stealth Ward,HailOfBlades,NaN,NaN,,SuddenImpact,NaN,,,EyeballCollection,NaN,,,RelentlessHunter,NaN,NaN,,LegendAlacrity,NaN,NaN,,CoupDeGrace,NaN,,,NaN,NaN,NaN,NaN,Shaco,Smite,Ignite,NONE,JUNGLE
